stock_code,corp_name,year,quarter,label,총자산증가율,유동자산증가율,매출액증가율,순이익증가율,영업이익증가율,매출액순이익률,매출총이익률,자기자본순이익률,매출채권회전율,재고자산회전율,총자본회전율,유형자산회전율,매출원가율,부채비율,유동비율,자기자본비율,당좌비율,비유동자산장기적합률,순운전자본비율,차입금의존도,현금비율,유형자산,무형자산,무형자산상각비,유형자산상각비,감가상각비,총자본영업이익률,총자본순이익률,유보액/납입자본비율,총자본투자효율
019440,세아특수강,2025,Q1,1,-1.2337021073710925,-1.8764672959392614,,,,2.1786276937257663,8.716452024945875,1.5560154389030685,0.8277116699975148,1.2926318710910047,0.3572786199907793,0.3572786199907793,91.28354797505412,99.90509062035537,146.44040197460754,50.02373860999491,94.73223883371841,,22.660085290050255,0.0,4.493008990028125,174420579293.0,3218735333.0,,,,1.2273797595597642,0.7783770958880358,661.6853379696616,0.0077837709588803585
019440,세아특수강,2025,H1,1,-4.785112072250058,-7.0395451942197225,,,,1.3322362269062265,8.324226202895908,0.9515793863546371,0.8591960923997002,1.3394504097345743,0.3700986850356833,0.3700986850356833,91.67577379710409,92.99508297793582,156.55520888567534,51.814791577582575,100.08003877302913,,25.366500081491537,0.0,2.589780253911393,176703980172.0,3139510341.0,,,,1.256906333592583,0.49305887573489454,668.4344279556592,0.004930588757348945
019440,세아특수강,2025,Q3,1,-1.134940513659356,-4.058131363692207,,,,3.1601861740817956,9.321524105836088,2.174704546861192,0.8554406980126136,1.2939416357747193,0.35374556797557155,0.35374556797557155,90.67847589416391,94.53447911461656,157.7691425784615,51.40476919830835,101.73210420016316,,25.55649428567025,0.0,6.552642770883359,185363226452.0,3353445059.0,,,,1.5699980663428044,1.1179018530591132,685.4684407351225,0.011179018530591132
019440,세아특수강,2025,ANNUAL,1,,,,,,,,,,,,,,,,,,,,,,,,,,,,,,
