stock_code,corp_name,year,quarter,label,총자산증가율,유동자산증가율,매출액증가율,순이익증가율,영업이익증가율,매출액순이익률,매출총이익률,자기자본순이익률,매출채권회전율,재고자산회전율,총자본회전율,유형자산회전율,매출원가율,부채비율,유동비율,자기자본비율,당좌비율,비유동자산장기적합률,순운전자본비율,차입금의존도,현금비율,유형자산,무형자산,무형자산상각비,유형자산상각비,감가상각비,총자본영업이익률,총자본순이익률,유보액/납입자본비율,총자본투자효율
019440,세아특수강,2015,Q1,1,,,,,,,,,,,,,,,,,,,,,,,,,,,,,,
019440,세아특수강,2015,H1,1,,,,,,,,,,,,,,,,,,,,,,,,,,,,,,
019440,세아특수강,2015,Q3,1,,,,,,,,,,,,,,,,,,,,,,,,,,,,,,
019440,세아특수강,2015,ANNUAL,1,,-9.214618399328014,-9.226982206517901,-40.26298247420207,-27.395906781694062,2.8201538563276545,8.901319841443195,,3.790875798272865,6.061431835206827,,,91.09868015855682,,180.55617035903683,,119.35978341664703,5.090491535836723,,,8.207655926575569,189897309175.0,5592938171.0,,,,,,551.6171765530922,
