stock_code,corp_name,year,quarter,label,총자산증가율,유동자산증가율,매출액증가율,순이익증가율,영업이익증가율,매출액순이익률,매출총이익률,자기자본순이익률,매출채권회전율,재고자산회전율,총자본회전율,유형자산회전율,매출원가율,부채비율,유동비율,자기자본비율,당좌비율,비유동자산장기적합률,순운전자본비율,차입금의존도,현금비율,유형자산,무형자산,무형자산상각비,유형자산상각비,감가상각비,총자본영업이익률,총자본순이익률,유보액/납입자본비율,총자본투자효율
019440,세아특수강,2017,Q1,1,,5.382421671224574,,,,4.02846621531118,9.706275251744238,,0.9327747262305608,1.7060619221789948,,,90.29372474825577,,216.7267877610666,,152.40287515853558,3.0477340858662227,,,19.062023819212484,188312275052.0,4626976075.0,,,,,,595.7520096476079,
019440,세아특수강,2017,H1,1,,4.382251875768104,,,,3.651168503913775,9.176049970520166,,0.9071983268288174,1.4417234245781523,,,90.82395002947983,,232.28444762520147,,153.8662682135469,3.093513996103429,,,13.294984529678148,187308958375.0,4698821981.0,,,,,,610.7321047421236,
019440,세아특수강,2017,Q3,1,3.251149338501283,7.901593627018635,,,,,8.136223553468067,,0.8981426244032436,1.4391790143178378,0.3360729075907079,0.3360729075907079,91.86377644653193,67.45528126351176,193.89736172928508,59.717435750884164,128.5278093363859,5.921253994260801,30.81348781250141,22.236063662196234,11.803353895518462,186284862107.0,4769013714.0,,,,1.3941749030178614,,622.8229494025671,
019440,세아특수강,2017,ANNUAL,1,2.0364308812488257,8.033340114376179,9.12746771415464,0.13717848377874312,-13.201151375004464,3.247114125250525,8.72413326124517,7.3762458512108084,3.5427970595028637,5.775036410857614,1.3840680868921122,1.3840680868921122,91.27586673875483,64.1271300569908,196.28817591016596,60.92837909569029,129.68056087922434,6.14700305465365,31.623342365981273,21.933843999280487,8.615012456715792,179960933685.0,4571743020.0,,,,6.64794077558933,4.494227035255848,634.6474834305718,0.04494227035255849
