stock_code,corp_name,year,quarter,label,총자산증가율,유동자산증가율,매출액증가율,순이익증가율,영업이익증가율,매출액순이익률,매출총이익률,자기자본순이익률,매출채권회전율,재고자산회전율,총자본회전율,유형자산회전율,매출원가율,부채비율,유동비율,자기자본비율,당좌비율,비유동자산장기적합률,순운전자본비율,차입금의존도,현금비율,유형자산,무형자산,무형자산상각비,유형자산상각비,감가상각비,총자본영업이익률,총자본순이익률,유보액/납입자본비율,총자본투자효율
057880,푸른소나무,2021,Q1,1,-1.6466723742336704,-2.885383192534881,,,,-1.0992807110692229,14.627891585286987,-0.2734865623584543,1.755273229355973,9.425065359163197,0.22479403700592,0.22479403700592,85.37210841471301,10.673233319681932,606.612166311748,90.35608430373398,583.7715449827809,,45.1631395729107,0.0,24.70016142287185,513317555.0,567311945.0,,,,-0.6072400003177355,-0.24711174884398893,99.63990581145273,-0.0024711174884398893
057880,푸른소나무,2021,H1,1,-5.331274152191483,-10.276332625933525,,,,-112.27464088632597,20.106033896752194,-5.457069139475912,0.2899239397652375,1.8530221379410057,0.04467185871723429,0.04467185871723429,79.8939661032478,8.803723594194858,738.1409720425096,91.90861920587379,710.7515958777603,,44.87473377687056,0.0,45.69029554013749,1602337487.0,628017851.0,,,,-1.923777512015366,-5.01551689520217,91.92772974460718,-0.0501551689520217
057880,푸른소나무,2021,Q3,1,69.67036304147801,125.3450161631149,,,,-2.6661183394393126,25.279477862128825,-0.287717962628186,0.6477683487244088,0.9977718675439625,0.09316037664642106,0.09316037664642106,74.72052213787119,15.83940505431825,558.3641442385059,86.3264102168938,504.8102138963891,,59.711663051353206,0.0,271.7963549347034,2115460382.0,615938492.0,,,,-0.19795835110068505,-0.24837658868609708,91.56034917109979,-0.0024837658868609707
057880,푸른소나무,2021,ANNUAL,1,-26.39162653707942,-7.122410463947245,38.46054960844984,1759.0721854892402,217.1663407834819,-411.8531227816915,-2.398021688682506,-197.61772801464025,6.217305449654161,3.0266085994242093,0.29150765965349756,0.29150765965349756,102.3980216886825,64.60141636835792,185.22479968728868,60.75281866117857,158.7899642364479,,31.796158487086544,0.0,57.59643269769255,11346108140.0,589140188.0,,,,-29.664692472753973,-120.05833994307548,-30.177577833025936,-1.2005833994307549
