stock_code,corp_name,year,quarter,label,총자산증가율,유동자산증가율,매출액증가율,순이익증가율,영업이익증가율,매출액순이익률,매출총이익률,자기자본순이익률,매출채권회전율,재고자산회전율,총자본회전율,유형자산회전율,매출원가율,부채비율,유동비율,자기자본비율,당좌비율,비유동자산장기적합률,순운전자본비율,차입금의존도,현금비율,유형자산,무형자산,무형자산상각비,유형자산상각비,감가상각비,총자본영업이익률,총자본순이익률,유보액/납입자본비율,총자본투자효율
057880,푸른소나무,2019,Q1,1,9.504119512941639,-6.185772957603139,,,,-50.3696922785643,30.794059509088083,-3.7483585948549045,0.8049868913466202,0.6936293545959562,0.03905348286210106,0.03905348286210106,69.20594049091191,90.55136455904548,80.81416090292109,52.479288317567175,72.39655316364238,,-8.881121180724366,0.0,17.605164934367963,9294079704.0,3936011330.0,,,,-1.068503788477327,-1.9671119141702151,-71.27764254135714,-0.01967111914170215
057880,푸른소나무,2019,H1,1,8.386960308556857,-3.537428176483349,,,,-125.89243880723053,11.897932462703215,-5.576091650252693,0.6904196176375629,0.905535264494946,0.03364242283508004,0.03364242283508004,88.10206753729678,31.656707980213373,166.69312140887465,75.95511199856901,152.6531036288858,,15.54824529789188,0.0,18.358377696568134,9196971912.0,3938594671.0,,,,-4.014614555438074,-4.235326658092288,-62.66108064493417,-0.04235326658092288
057880,푸른소나무,2019,Q3,1,105.60687024367238,48.734878286138425,,,,-91.05615358282758,23.09231846762041,-5.491891826932634,1.0456534465515968,0.9916021175178852,0.03166166587207301,0.03166166587207301,76.90768153237958,90.49295209864447,67.12825757728817,52.49538048432165,61.90958570994476,,-15.467807896222311,0.0,34.50859701326176,9405208367.0,3934021831.0,,,,-1.6840471812419588,-2.88298951033565,-59.05577044816116,-0.028829895103356498
057880,푸른소나무,2019,ANNUAL,1,57.44271159046392,10.29939621968456,35.68927155608826,22.988611645262385,31.223657334713234,-271.85707452649484,14.561846693631248,-104.41262378586018,4.045131974187782,2.4407840596203045,0.13721441942092252,0.13721441942092252,85.43815330636876,179.90626411839946,48.20587845046834,35.726245825531194,40.63693160912304,,-32.867544785496534,0.0,11.403040997140804,9318498866.0,676583595.0,,,,-9.55795241736195,-37.30271064662346,-77.85380805538959,-0.3730271064662346
