stock_code,corp_name,year,quarter,label,총자산증가율,유동자산증가율,매출액증가율,순이익증가율,영업이익증가율,매출액순이익률,매출총이익률,자기자본순이익률,매출채권회전율,재고자산회전율,총자본회전율,유형자산회전율,매출원가율,부채비율,유동비율,자기자본비율,당좌비율,비유동자산장기적합률,순운전자본비율,차입금의존도,현금비율,유형자산,무형자산,무형자산상각비,유형자산상각비,감가상각비,총자본영업이익률,총자본순이익률,유보액/납입자본비율,총자본투자효율
111870,KH미래물산,2015,Q1,1,,,,,,,,,,,,,,,,,,,,,,,,,,,,,,
111870,KH미래물산,2015,H1,1,,,,,,,,,,,,,,,,,,,,,,,,,,,,,,
111870,KH미래물산,2015,Q3,1,,,,,,,,,,,,,,,,,,,,,,,,,,,,,,
111870,KH미래물산,2015,ANNUAL,1,4.5662295866292695,4.339352875755265,12.261032501338757,283.5779007199837,82.96818281033877,10.349657099650509,28.258946655513068,7.4685700974796,3.620872772950402,6.790797642877569,0.6380656258805609,0.6380656258805609,71.74105334448694,13.095715252881785,755.853997233641,88.42067957782504,696.9217079448285,,75.01811826266234,0.0,148.06557337542202,5712393725.0,1018829006.0,,,,5.749646386752301,6.603760434937693,1277.4712864210526,0.06603760434937693
