stock_code,corp_name,year,quarter,label,총자산증가율,유동자산증가율,매출액증가율,순이익증가율,영업이익증가율,매출액순이익률,매출총이익률,자기자본순이익률,매출채권회전율,재고자산회전율,총자본회전율,유형자산회전율,매출원가율,부채비율,유동비율,자기자본비율,당좌비율,비유동자산장기적합률,순운전자본비율,차입금의존도,현금비율,유형자산,무형자산,무형자산상각비,유형자산상각비,감가상각비,총자본영업이익률,총자본순이익률,유보액/납입자본비율,총자본투자효율
150840,인트로메딕,2017,Q1,1,-3.6192089202863076,-8.071202036739617,,,,-141.2164584050675,70.25093729611731,-16.012283392535632,0.285290362736252,0.21734853252376804,0.060467340484405024,0.060467340484405024,29.749062703882696,87.51977995140867,177.2057015196188,53.32770762951655,157.72473787396024,,32.800191549922886,0.0,35.85292874093318,460524753.0,861521870.0,,,,-4.73610962594181,-8.538983672381036,-35.252054165249085,-0.08538983672381037
150840,인트로메딕,2017,H1,1,-5.911465356486718,-8.372689921670784,,,,-12.763556418414218,60.95041771797505,-2.698496133032452,0.47098517058995304,0.6009748492239774,0.11144087446780879,0.11144087446780879,39.04958228202495,89.7167107289725,180.45645881847793,52.710169608021005,163.4566043910823,,34.27049031270399,0.0,34.622563219252626,493368217.0,1602144040.0,,,,-0.7026393633270809,-1.4223818885872939,-37.60282392017688,-0.014223818885872938
150840,인트로메딕,2017,Q3,1,-6.451536785718338,-9.180138857849725,,,,-3.6010949807502532,53.00097687186677,-0.6120410053202321,0.40832166166972883,0.6641736197502194,0.08644023413811894,0.08644023413811894,46.99902312813323,96.62104909387843,174.41498237045354,50.859254622456085,160.49242059597358,,32.69372261419263,0.0,41.887026657323496,478459049.0,1613513246.0,,,,-1.5056336260755294,-0.3112794932896568,220.0282883038992,-0.003112794932896568
150840,인트로메딕,2017,ANNUAL,1,-12.190235410461833,-9.722649511407928,7.720192493919368,-40.45180773325063,-70.29607353258058,-46.52289348491681,62.01202464941995,-38.52359675119772,1.7832746969401618,2.9547612760687296,0.4235717155285809,0.4235717155285809,37.98797535058006,95.49387653268798,184.56668515738824,51.15249734345478,172.18087501565404,,37.18138727012032,0.0,110.21110230242077,628776964.0,1592795898.0,,,,-3.719013254037669,-19.70578180475965,198.30758140107062,-0.1970578180475965
