stock_code,corp_name,year,quarter,label,총자산증가율,유동자산증가율,매출액증가율,순이익증가율,영업이익증가율,매출액순이익률,매출총이익률,자기자본순이익률,매출채권회전율,재고자산회전율,총자본회전율,유형자산회전율,매출원가율,부채비율,유동비율,자기자본비율,당좌비율,비유동자산장기적합률,순운전자본비율,차입금의존도,현금비율,유형자산,무형자산,무형자산상각비,유형자산상각비,감가상각비,총자본영업이익률,총자본순이익률,유보액/납입자본비율,총자본투자효율
150840,인트로메딕,2025,Q1,1,1.6522883498255068,3.639675795647045,,,,8.787269986977591,65.8993135758168,4.646911737467559,1.4068244968940977,0.26016352730018283,0.29736387484432697,0.29736387484432697,34.10068642418319,177.83705024569275,245.5430471137469,56.23125207140126,121.9131458999044,,45.88522410986298,14.508844759084436,41.050910371842605,682068500.0,120358767.0,10796640.0,134990546.0,145787186.0,2.9722417008374578,2.613016652630915,67.79134944284839,0.026130166526309152
150840,인트로메딕,2025,H1,1,-15.410811726058423,-10.61645237319753,,,,-65.07190996295675,48.66853081844803,-33.23738682397172,1.2462332419052993,0.29123997189638207,0.24756099479579186,0.24756099479579186,51.33146918155197,206.32464103757061,212.07408555793003,48.46730836274206,96.7394740780089,,42.39947512200899,17.435529305435455,25.29075987401353,639222911.0,118789035.0,21351241.0,264843204.0,286194445.0,-11.62156091438839,-16.10926676369177,34.5962981076681,-0.1610926676369177
150840,인트로메딕,2025,Q3,1,-18.455015953714156,-12.39953945264526,,,,4.710469999752422,63.41701646979283,2.8180960880547783,1.575037952074448,0.26703081367784726,0.31005274452017106,0.31005274452017106,36.58298353020717,192.95497248977657,208.40158061214623,51.8255625701993,99.87276973375967,,42.42715323203224,18.08642540461054,29.05473246584308,593393172.0,109919296.0,32333880.0,395513704.0,427847584.0,0.9841849803256943,1.460494151403168,37.50638988168283,0.01460494151403168
150840,인트로메딕,2025,ANNUAL,1,,,,,,,,,,,,,,,,,,,,,,,,,,,,,,
