stock_code,corp_name,year,quarter,label,총자산증가율,유동자산증가율,매출액증가율,순이익증가율,영업이익증가율,매출액순이익률,매출총이익률,자기자본순이익률,매출채권회전율,재고자산회전율,총자본회전율,유형자산회전율,매출원가율,부채비율,유동비율,자기자본비율,당좌비율,비유동자산장기적합률,순운전자본비율,차입금의존도,현금비율,유형자산,무형자산,무형자산상각비,유형자산상각비,감가상각비,총자본영업이익률,총자본순이익률,유보액/납입자본비율,총자본투자효율
052670,제일바이오,2025,Q1,1,-7.477180124605069,-10.15490820052741,,,,-7.656297232288288,23.92710218936025,-0.8527156086117078,45.99438524813713,0.5411973127400765,0.10607292796630652,0.10607292796630652,76.07289781063974,104.99796220775444,1975.152431446326,95.23994361160533,1585.0269763053166,,71.66567149386847,0.0,851.3036111630562,6363074113.0,76876182.0,3314796.0,44510676.0,47825472.0,-1.2441289118326966,-0.8121258648091476,155.49138709709314,-0.008121258648091476
052670,제일바이오,2025,H1,1,-5.855874546225449,-5.848702769701312,,,,-1.2344503176897816,23.25773902220992,-0.1521005326876323,-43.52257833111301,0.6574038931400144,0.1162853707062812,0.1162853707062812,76.7422609777901,5.95758166289522,1648.4442334707353,94.37738992397043,1360.6123771866955,,73.0271094487601,0.0,611.9349226067416,5978046081.0,73561386.0,6629592.0,93545194.0,100174786.0,-0.38391163910710174,-0.14354851281104283,148.7498336575456,-0.0014354851281104283
052670,제일바이오,2025,Q3,1,-5.212598870461138,-4.692995678686066,,,,2.0349844120922223,25.763995732235923,0.21334206793120064,-23.437271953247624,0.48986596224011386,0.09874931789373681,0.09874931789373681,74.23600426776407,6.164986550745658,1587.8356110597106,94.1930133926039,1283.8359883963267,,73.24084279224398,0.0,603.9242915573298,5926216425.0,70246590.0,9944388.0,143474501.0,153418889.0,-0.49795938741463275,0.20095332261849397,149.18835363882616,0.0020095332261849397
052670,제일바이오,2025,ANNUAL,1,,,,,,,,,,,,,,,,,,,,,,,,,,,,,,
