stock_code,corp_name,year,quarter,label,총자산증가율,유동자산증가율,매출액증가율,순이익증가율,영업이익증가율,매출액순이익률,매출총이익률,자기자본순이익률,매출채권회전율,재고자산회전율,총자본회전율,유형자산회전율,매출원가율,부채비율,유동비율,자기자본비율,당좌비율,비유동자산장기적합률,순운전자본비율,차입금의존도,현금비율,유형자산,무형자산,무형자산상각비,유형자산상각비,감가상각비,총자본영업이익률,총자본순이익률,유보액/납입자본비율,총자본투자효율
057880,푸른소나무,2022,Q1,1,-7.136237151441939,-28.096130945253282,,,,-83.18228761525909,8.135536548714551,-9.287074743096296,1.4513974370359612,7.641730104528716,0.10333304983196794,0.10333304983196794,91.86446345128545,8.046034827051669,790.6226277560537,92.55314196404257,770.3553950328571,,42.329334898978495,0.0,196.3161019849183,11657789589.0,955736594.0,,,,-9.026818856735096,-8.595479471284657,50.17629252392791,-0.08595479471284656
057880,푸른소나무,2022,H1,1,-14.300026536618885,-27.100352057432797,,,,-644.7422597824103,-8.28772013102042,-6.4218387303439695,0.14750070184182287,2.0462415209450664,0.009074395348664561,0.009074395348664561,108.28772013102042,9.762897142441613,761.8740462283473,91.10546696870429,755.001549348928,,46.24883678815281,0.0,41.0111413161452,1258036450.0,927706665.0,,,,-5.883305592979264,-5.850646163256983,41.30020888854754,-0.05850646163256983
057880,푸른소나무,2022,Q3,1,-20.676481716180113,-35.167020776972095,,,,-368.5746921302108,30.81114440561598,-6.0389771497291616,0.20742780436052746,1.6598694141811312,0.014828863799338015,0.014828863799338015,69.18885559438401,10.491787272123265,728.5425003608548,90.50446414964426,719.7387628697314,,44.130379853662276,0.0,127.55698795279397,1857976779.0,879162052.0,,,,-7.86898767680515,-5.465543909481838,34.05228548648601,-0.054655439094818375
057880,푸른소나무,2022,ANNUAL,1,-69.37665714194746,-78.08300718819446,-49.93095920179111,-48.79158842833717,-19.538536052787315,-421.2252498201225,9.56336529046871,522.9848882818972,10.373155569467242,6.849714072087542,0.4766138357864942,0.4766138357864942,90.43663470953129,-260.50022217861226,37.772968992433434,-38.38768319031794,32.96697137072376,,-81.47683012343681,0.0,10.23714435046193,1822321908.0,825855133.0,,,,-77.94265292869582,-200.76178204689282,-95.00545779249815,-2.007617820468928
