stock_code,corp_name,year,quarter,label,총자산증가율,유동자산증가율,매출액증가율,순이익증가율,영업이익증가율,매출액순이익률,매출총이익률,자기자본순이익률,매출채권회전율,재고자산회전율,총자본회전율,유형자산회전율,매출원가율,부채비율,유동비율,자기자본비율,당좌비율,비유동자산장기적합률,순운전자본비율,차입금의존도,현금비율,유형자산,무형자산,무형자산상각비,유형자산상각비,감가상각비,총자본영업이익률,총자본순이익률,유보액/납입자본비율,총자본투자효율
057880,푸른소나무,2025,Q1,1,9.014475508184033,42.18449541934547,,,,-59.737819900522524,4.6748832313802815,-25.810836090775336,1.8619808226471501,,0.11454277085148017,0.11454277085148017,95.32511676861972,377.2115819860972,43.04385672310868,26.510320672944154,43.04385672310868,,-34.093155019664565,0.0,24.79283292017923,656078514.0,3451631791.0,,,,-5.693061133887511,-6.842535416032544,-71.90660308259014,-0.06842535416032544
057880,푸른소나무,2025,H1,1,-6.057163107507999,-22.818998636281833,,,,-264.98254224512965,14.559663863517924,181.0104997596415,2.4259177756354036,,0.1435134397817087,0.1435134397817087,85.44033613648207,-475.985728171967,15.418556492103558,-21.00903327165965,15.418556492103558,,-89.03235056334461,0.0,3.021350000999624,601526116.0,3368547845.0,,,,-1.423929424482064,-38.02855611970049,-117.87532089836898,-0.3802855611970049
057880,푸른소나무,2025,Q3,1,-8.542441519104939,-25.28762460670695,,,,-9.36960944944974,12.088905960520913,6.334833954595743,2.578564361537338,,0.15577070165148094,0.15577070165148094,87.91109403947908,-434.03821726602416,15.016379217132137,-23.039445841864545,15.016379217132137,,-91.32983423784776,0.0,2.988735235865086,540336717.0,3369053357.0,,,,-0.9795782585737076,-1.459510638141132,-119.13693440228397,-0.01459510638141132
057880,푸른소나무,2025,ANNUAL,1,,,,,,,,,,,,,,,,,,,,,,,,,,,,,,
