stock_code,corp_name,year,quarter,label,총자산증가율,유동자산증가율,매출액증가율,순이익증가율,영업이익증가율,매출액순이익률,매출총이익률,자기자본순이익률,매출채권회전율,재고자산회전율,총자본회전율,유형자산회전율,매출원가율,부채비율,유동비율,자기자본비율,당좌비율,비유동자산장기적합률,순운전자본비율,차입금의존도,현금비율,유형자산,무형자산,무형자산상각비,유형자산상각비,감가상각비,총자본영업이익률,총자본순이익률,유보액/납입자본비율,총자본투자효율
057880,푸른소나무,2024,Q1,1,4.669302275722144,19.630522659242125,,,,-608.588463957681,7.110087286170212,-118.13023458406711,0.6933080253219903,,0.034563414495078736,0.034563414495078736,92.88991271382979,561.5917393133135,16.73366525220026,17.806529726073794,16.73366525220026,,-61.28840673638937,0.0,6.944575205769563,514372404.0,111015389.0,,,,-17.228047752732355,-21.034895336692617,-68.5469210999192,-0.21034895336692616
057880,푸른소나무,2024,H1,1,54.26944671748578,312.95762928295125,,,,,24.83691623227017,,1.1097582102286025,,0.04968412344845266,0.04968412344845266,75.16308376772983,213.99011278028195,63.786151355543076,46.73113103252427,63.786151355543076,,-16.37763335841381,0.0,34.615025710873155,646569140.0,1462744308.0,,,,,,,
057880,푸른소나무,2024,Q3,1,82.62698661527152,247.23620641582195,,,,185.57465835726362,6.500464263826985,20.416163166134783,1.1718692070137788,,0.0545697351734885,0.0545697351734885,93.49953573617302,201.60607384613337,52.937709983633475,49.60168019358406,52.937709983633475,,-18.215673965278103,0.0,20.774976164304093,803357664.0,3321283586.0,,,,11.046799305734565,10.12675996146648,,0.1012675996146648
057880,푸른소나무,2024,ANNUAL,1,21.484106895068848,122.69573567037106,80.83332500318255,-56.92326839585036,-85.35925688353149,-209.2077988444334,11.951474087569753,-280.92940713956034,4.108800134057864,,0.31486523088133345,0.31486523088133345,88.04852591243024,426.47602966573174,31.771714345340108,23.447976684265033,31.771714345340108,,-42.42223396726056,0.0,4.02706534291613,709651018.0,3456007189.0,,,,-12.674522830720857,-65.87226188532809,-77.05965001825848,-0.6587226188532809
