stock_code,corp_name,year,quarter,label,총자산증가율,유동자산증가율,매출액증가율,순이익증가율,영업이익증가율,매출액순이익률,매출총이익률,자기자본순이익률,매출채권회전율,재고자산회전율,총자본회전율,유형자산회전율,매출원가율,부채비율,유동비율,자기자본비율,당좌비율,비유동자산장기적합률,순운전자본비율,차입금의존도,현금비율,유형자산,무형자산,무형자산상각비,유형자산상각비,감가상각비,총자본영업이익률,총자본순이익률,유보액/납입자본비율,총자본투자효율
057880,푸른소나무,2017,Q1,1,-1.4673629076597936,-4.433686366161747,,,,-38.54079277113585,26.14814371679694,,0.5858477273046511,0.5667605683681303,0.12508427126047972,0.12508427126047972,73.85185628320306,,140.5158002159345,,99.60271422473656,,16.140860114505887,0.0,24.03328169284035,9233328141.0,145063210.0,,,,0.6479737036047867,-4.820846977578692,-42.54350979027402,-0.04820846977578692
057880,푸른소나무,2017,H1,1,-3.2395423438865936,-13.868115260000765,,,,-60.283458395164246,13.764077299903843,-9.759748946761668,0.6449384561873301,0.4276904386825109,0.08472749538548843,0.08472749538548843,86.23592270009615,,110.76356382181747,52.333994151481846,73.9327564167968,,4.992612874968828,0.0,24.654955953737968,7311747208.0,338967002.0,,,,-10.796784739325924,-5.107666442997563,-47.6908456738838,-0.05107666442997563
057880,푸른소나무,2017,Q3,1,15.496430651896745,15.040864256608735,,,,-120.50477425268637,12.265429977694987,-15.730231688444038,0.9178143674115103,0.39804046275201665,0.06293252135679006,0.06293252135679006,87.73457002230501,107.42243773049702,113.30155718876296,48.21079199248903,85.96346012378066,,6.749208833144214,0.0,34.57115803261115,7842755650.0,325702968.0,,,,-7.502477827934273,-7.583669279252351,-49.78851297306201,-0.0758366927925235
057880,푸른소나무,2017,ANNUAL,1,-5.97904895663932,-21.906460734906574,-17.109133866826276,219.74222685827834,186.9103707534924,-120.14539325755295,-2.0783887661906406,-125.29653229321569,5.0090968112061365,3.8256545647242666,0.37558451514277075,0.37558451514277075,102.07838876619064,177.66698831813937,76.4265073956018,36.01436404295354,60.44982532167862,,-14.786761577467129,0.0,16.06834985288928,12998691348.0,676218788.0,,,,-34.52347963928609,-45.12474927327554,-68.88345502731642,-0.45124749273275544
