stock_code,corp_name,year,quarter,label,총자산증가율,유동자산증가율,매출액증가율,순이익증가율,영업이익증가율,매출액순이익률,매출총이익률,자기자본순이익률,매출채권회전율,재고자산회전율,총자본회전율,유형자산회전율,매출원가율,부채비율,유동비율,자기자본비율,당좌비율,비유동자산장기적합률,순운전자본비율,차입금의존도,현금비율,유형자산,무형자산,무형자산상각비,유형자산상각비,감가상각비,총자본영업이익률,총자본순이익률,유보액/납입자본비율,총자본투자효율
057880,푸른소나무,2016,Q1,1,-1.9162475565513502,-0.44658246048964395,-35.35017297463913,-94.60422611954625,35.471199902175165,-8.656744860119767,25.879873113145553,-0.9421932379625322,7.20344345324778,0.29124860028790556,0.06287215868479355,0.06287215868479355,74.12012688685445,73.11192803233544,2137.6037991578614,57.76609453451253,1209.958078233181,,35.14538258153318,23.238090606031143,888.0072374296283,13333211369.0,768163119.0,,,,-1.3729662589733393,-0.5442682365392211,-35.55948070308944,-0.00544268236539221
057880,푸른소나무,2016,H1,1,8.96243171845939,14.206688048196137,,,-2809.2101277535116,,,,,,,,,,186.71979565053633,,186.71979565053633,,30.995974747365718,20.9180273454397,79.63463635773513,,,,,,-3.1601594368270662,,-29.40449124459218,
057880,푸른소나무,2016,Q3,1,13.769782425037228,9.054231912688675,-61.73627297569547,96.19438973020328,-114.19907092339467,-6.406891741239476,20.609819411049564,,0.477873070762473,0.6986015911973268,0.1189905109443522,0.1189905109443522,79.39018058895043,,578.7084185671042,,450.49570627026617,,50.48815798556768,20.677797211774447,199.5769437819896,13196043006.0,729069562.0,,,,-0.4284467354398313,-0.7623593218552357,-30.25957624401846,-0.0076235932185523565
057880,푸른소나무,2016,ANNUAL,1,1.8724744363165113,-7.658510482449465,-12.197445793521204,-48.1627046168525,-35.92268340712815,-31.146826638708298,26.825864539821577,,1.8461940779610855,1.7917046683863582,0.4260157356076929,0.4260157356076929,73.17413546017842,,149.7674345019028,,104.6201618267926,,19.179202702527384,0.0,28.524522953871944,9169054028.0,157519763.0,,,,-11.313395122271878,-13.2690382623346,-38.63733526614567,-0.132690382623346
