stock_code,corp_name,year,quarter,label,총자산증가율,유동자산증가율,매출액증가율,순이익증가율,영업이익증가율,매출액순이익률,매출총이익률,자기자본순이익률,매출채권회전율,재고자산회전율,총자본회전율,유형자산회전율,매출원가율,부채비율,유동비율,자기자본비율,당좌비율,비유동자산장기적합률,순운전자본비율,차입금의존도,현금비율,유형자산,무형자산,무형자산상각비,유형자산상각비,감가상각비,총자본영업이익률,총자본순이익률,유보액/납입자본비율,총자본투자효율
057880,푸른소나무,2018,Q1,1,-1.1416064787935605,-2.683790021828458,,,,-40.47963187576667,34.10456852777132,-8.371835907872024,1.1110991556037517,0.5558823320445725,0.10410877841573814,0.10410877841573814,65.89543147222868,98.6537658844383,98.05994393157889,50.338839314112185,72.49490294443075,,-0.9365426802331542,0.0,23.21655500944286,12926319172.0,670347442.0,,,,-3.8222287148897505,-4.214285025304843,-62.276089969336944,-0.042142850253048425
057880,푸른소나무,2018,H1,1,33.0265462886666,44.4019868768368,,,,-93.174134252385,11.302586885497973,-9.994196595762524,0.8802003244431363,0.498833312730934,0.05902851292325927,0.05902851292325927,88.69741311450203,81.71495869196063,118.55458143281635,55.03124273303107,94.64303390945201,,8.144432443381898,0.0,51.981083017012594,14488868263.0,3913462415.0,,,,-5.03885244189444,-5.499930587830402,-58.27796193595899,-0.05499930587830402
057880,푸른소나무,2018,Q3,1,25.009206803685828,28.45502514662851,,,,-104.62394379150427,30.09313110428496,-10.65140934974549,0.6953074469738101,0.303785328368836,0.053843404511014506,0.053843404511014506,69.90686889571504,89.07907823378761,107.12070610753528,52.88792442512047,80.17703655246076,,3.2745519575071462,0.0,31.090723348006705,14457986692.0,3911164251.0,,,,-3.4396995672538697,-5.6333093271036105,-62.366715084155054,-0.056333093271036104
057880,푸른소나무,2018,ANNUAL,1,3.4083432018138784,-5.811333836177181,-16.793096593310885,9.43061285966481,121.76404802551835,-299.93092788351873,20.241750573490442,-93.59706814687961,2.7931613117533103,2.3165337533084696,0.15921236819383552,0.15921236819383552,79.75824942650955,96.00366478437596,90.79422884581443,51.019454207659955,79.39604103893387,,-4.4272918216427595,0.0,16.48238324040425,9844235619.0,3934445287.0,,,,-11.83697058765588,-47.75271332290952,-75.58097773680981,-0.4775271332290952
