stock_code,corp_name,year,quarter,label,총자산증가율,유동자산증가율,매출액증가율,순이익증가율,영업이익증가율,매출액순이익률,매출총이익률,자기자본순이익률,매출채권회전율,재고자산회전율,총자본회전율,유형자산회전율,매출원가율,부채비율,유동비율,자기자본비율,당좌비율,비유동자산장기적합률,순운전자본비율,차입금의존도,현금비율,유형자산,무형자산,무형자산상각비,유형자산상각비,감가상각비,총자본영업이익률,총자본순이익률,유보액/납입자본비율,총자본투자효율
057880,푸른소나무,2015,Q1,1,,,,,,,,,,,,,,,,,,,,,,,,,,,,,,
057880,푸른소나무,2015,H1,1,,,,,,,,,,,,,,,,,,,,,,,,,,,,,,
057880,푸른소나무,2015,Q3,1,,,,,,,,,,,,,,,,,,,,,,,,,,,,,,
057880,푸른소나무,2015,ANNUAL,1,-17.4296893662356,-5.522317835482941,39.5608625160281,-70.36352182857185,-71.2184655349059,-52.7568213984032,2.4510169763233796,-45.11120728036238,78.8940129705501,3.0356229961216057,0.49428262681419494,0.49428262681419494,97.54898302367661,72.99377770221076,1960.7766366749474,57.80554730248084,1103.4195615071876,,34.4732926686883,22.792791262603885,644.3892775585246,13408371848.0,860333297.0,,,,-17.986451628087224,-26.076780263170058,-30.834606232708794,-0.2607678026317006
