stock_code,corp_name,year,quarter,label,총자산증가율,유동자산증가율,매출액증가율,순이익증가율,영업이익증가율,매출액순이익률,매출총이익률,자기자본순이익률,매출채권회전율,재고자산회전율,총자본회전율,유형자산회전율,매출원가율,부채비율,유동비율,자기자본비율,당좌비율,비유동자산장기적합률,순운전자본비율,차입금의존도,현금비율,유형자산,무형자산,무형자산상각비,유형자산상각비,감가상각비,총자본영업이익률,총자본순이익률,유보액/납입자본비율,총자본투자효율
072520,제넨바이오,2018,Q1,1,3.1146630582894264,127.19214570885424,,,,-128.80879700933704,8.419568780989033,-8.83531526915661,2.9362081047407664,30.079655100418606,0.022256956235043857,0.022256956235043857,91.58043121901098,208.18447349286674,24.519954047365143,32.44809800657093,24.402298632825477,,-43.47262263375254,39.56828186132345,22.627393251299246,35704744847.0,5914706495.0,,,,-3.1408117947024334,-2.8668917577254627,38.5031824869314,-0.028668917577254625
072520,제넨바이오,2018,H1,1,12.216655633134245,310.12380165628014,,,,-329.6706858323569,45.896086729057856,-16.683064733399643,0.5296375959151051,,0.020818933218675777,0.020818933218675777,54.10391327094215,143.07317360909664,46.744428816648885,41.139875089966594,46.744428816648885,,-26.68844643397331,36.35886338713047,34.99228082735186,35304810267.0,5180477584.0,,,,-1.155557363159615,-6.863391992498881,128.3398761776257,-0.06863391992498881
072520,제넨바이오,2018,Q3,1,17.375795686318238,349.19704956451574,,,,3.74691356059019,59.178780368088965,0.4179218641682786,1.0557228715969307,,0.04230728734174082,0.04230728734174082,40.821219631911035,163.63692535607436,45.94782266128401,37.93095366475603,45.94782266128401,,-28.856061407684315,3.5065817174074136,28.128623313719952,34733513657.0,4747072141.0,,,,-0.18106801712096884,0.1585217486525544,113.70389709893291,0.001585217486525544
072520,제넨바이오,2018,ANNUAL,1,51.35124993006247,663.0957662521166,-61.26498505149299,-244.87338875905306,-150.231167734196,-73.09848980946789,46.75552196214647,-15.437942340638031,3.628242649467967,4.141430851410403,0.0966950726839431,0.0966950726839431,53.244478037853526,118.41208548179378,85.23824265959198,45.78501220727354,81.99069123636889,,-5.650807709865343,0.0,62.60408076918269,33685985158.0,11879333324.0,,,,-3.263511442844777,-7.068263785212972,,-0.07068263785212972
