stock_code,corp_name,year,quarter,label,총자산증가율,유동자산증가율,매출액증가율,순이익증가율,영업이익증가율,매출액순이익률,매출총이익률,자기자본순이익률,매출채권회전율,재고자산회전율,총자본회전율,유형자산회전율,매출원가율,부채비율,유동비율,자기자본비율,당좌비율,비유동자산장기적합률,순운전자본비율,차입금의존도,현금비율,유형자산,무형자산,무형자산상각비,유형자산상각비,감가상각비,총자본영업이익률,총자본순이익률,유보액/납입자본비율,총자본투자효율
072520,제넨바이오,2015,Q1,1,,,,,,,,,,,,,,,,,,,,,,,,,,,,,,
072520,제넨바이오,2015,H1,1,,,,,,,,,,,,,,,,,,,,,,,,,,,,,,
072520,제넨바이오,2015,Q3,1,,,,,,,,,,,,,,,,,,,,,,,,,,,,,,
072520,제넨바이오,2015,ANNUAL,1,-32.47140859812246,-10.253633525435133,-21.692361184042493,-0.8956700002589478,-50.20186299591376,-32.23705768568368,-3.7978986681470763,-349.9387332871085,10.697206436810841,17.65597498030191,1.6500033570510957,1.6500033570510957,103.79789866814708,557.88773698742,62.820712250104606,15.200161726363381,50.835782012375816,,-30.091735781779803,51.16451150342197,19.842431376141985,29996028833.0,93065617.0,,,,-24.407047085261524,-53.1912534028279,-97.16686333,-0.531912534028279
