stock_code,corp_name,year,quarter,label,총자산증가율,유동자산증가율,매출액증가율,순이익증가율,영업이익증가율,매출액순이익률,매출총이익률,자기자본순이익률,매출채권회전율,재고자산회전율,총자본회전율,유형자산회전율,매출원가율,부채비율,유동비율,자기자본비율,당좌비율,비유동자산장기적합률,순운전자본비율,차입금의존도,현금비율,유형자산,무형자산,무형자산상각비,유형자산상각비,감가상각비,총자본영업이익률,총자본순이익률,유보액/납입자본비율,총자본투자효율
072520,제넨바이오,2024,Q1,1,-9.05875823538038,1.088774384245995,,,,-17136.978112049066,-1550.8036395406345,-5.382771692787112,0.01133604721472829,,0.00019793119521449286,0.00019793119521449286,1650.8036395406345,158.69289050272798,113.2216885043702,63.0147952332376,113.2216885043702,,2.356107851097726,18.541514452583698,0.04885858243290511,76852345323.0,8049593038.0,,,,-1.8557539410716446,-3.3919425600824753,85.44762125266612,-0.033919425600824754
072520,제넨바이오,2024,H1,1,-100.0,-100.0,,,,,,,,,,,,,,,,,,,,0.0,0.0,,,,,,,
072520,제넨바이오,2024,Q3,1,-11.679114705432116,0.622551766979058,,,,,,-5.180376990408078,0.0,,0.0,0.0,,167.54196125986175,98.57500824697149,59.686540164644185,98.57500824697149,0.0,-0.2989325889817379,19.091615113354287,0.04470618967919021,74077981659.0,8042397707.0,,,,-1.1273247238255664,-3.0919877930599036,70.76343955466643,-0.030919877930599034
072520,제넨바이오,2024,ANNUAL,1,-12.631695396707226,-0.10749759300062,-99.59630790450032,-31.31414806406137,-65.28075004072255,-51798.78610628533,-1252.020601162798,-18.250170356822046,0.01307599081238384,,0.00020602561487822349,0.00020602561487822349,1352.020601162798,171.0118170546535,94.49491416542426,58.47549118084693,94.49491416542426,0.0,-1.2090115950071774,19.299771881473056,0.043297701403683435,73258949084.0,8038938379.0,,,,-5.539594958688638,-10.671876757493017,65.5604170149414,-0.10671876757493017
