stock_code,corp_name,year,quarter,label,총자산증가율,유동자산증가율,매출액증가율,순이익증가율,영업이익증가율,매출액순이익률,매출총이익률,자기자본순이익률,매출채권회전율,재고자산회전율,총자본회전율,유형자산회전율,매출원가율,부채비율,유동비율,자기자본비율,당좌비율,비유동자산장기적합률,순운전자본비율,차입금의존도,현금비율,유형자산,무형자산,무형자산상각비,유형자산상각비,감가상각비,총자본영업이익률,총자본순이익률,유보액/납입자본비율,총자본투자효율
072520,제넨바이오,2021,Q1,1,14.595860648494991,-57.04379126333138,,,,-157.91240441993995,-18.93234993135818,-4.811284099758994,0.6105606249929113,31.137189764911497,0.02055289091627118,0.02055289091627118,118.93234993135817,48.24219559390534,40.39768971388629,67.45717681755065,40.06237422538122,,-13.954137031623127,0.5965015570243293,10.178538312712067,60947640994.0,14640216735.0,,,,-3.2084764852999244,-3.2455564223691247,302.27402109854245,-0.032455564223691245
072520,제넨바이오,2021,H1,1,30.449277136680852,-21.22344832784302,,,,,-17.888435273363463,,0.5312086857822631,32.17172622211701,0.015132210174039228,0.015132210174039228,117.88843527336346,36.51972469913586,74.61699478336429,73.24948846797153,74.34544950043718,,-5.1832240235311255,0.0,21.78396083621072,71789127986.0,14435139857.0,,,,-3.6012117136509687,,364.1665129463144,
072520,제넨바이오,2021,Q3,1,38.68195402141741,-27.601164683075503,,,,,-4.921429517218424,,0.47231174990612124,31.22581412912836,0.01532298738138392,0.01532298738138392,104.92142951721843,31.994512253909825,72.61389361396667,75.7607254213994,72.33006082497977,,-4.967771355671262,0.0,28.45996751336252,81801727725.0,14186674893.0,,,,-2.1566777316902748,,389.81491764993126,
072520,제넨바이오,2021,ANNUAL,1,44.031449818050966,-31.632077810684695,-24.91215721964098,81.62308500009979,16.702680052866302,-361.50944417143205,-9.465897917706082,-35.69032529111464,1.8761877301076018,129.40432512377808,0.06288374034244079,0.06288374034244079,109.46589791770609,56.99741188402536,39.65515585013294,63.69531752145724,39.479025732786646,,-18.225311630999364,3.5349117470679694,8.931741821667064,99657888776.0,8697608163.0,,,,-9.825983664134458,-22.733066018616427,309.7577913361023,-0.22733066018616427
