stock_code,corp_name,year,quarter,label,총자산증가율,유동자산증가율,매출액증가율,순이익증가율,영업이익증가율,매출액순이익률,매출총이익률,자기자본순이익률,매출채권회전율,재고자산회전율,총자본회전율,유형자산회전율,매출원가율,부채비율,유동비율,자기자본비율,당좌비율,비유동자산장기적합률,순운전자본비율,차입금의존도,현금비율,유형자산,무형자산,무형자산상각비,유형자산상각비,감가상각비,총자본영업이익률,총자본순이익률,유보액/납입자본비율,총자본투자효율
150840,인트로메딕,2015,Q1,1,,,,,,,,,,,,,,,,,,,,,,,,,,,,,,
150840,인트로메딕,2015,H1,1,,,,,,,,,,,,,,,,,,,,,,,,,,,,,,
150840,인트로메딕,2015,Q3,1,,,,,,,,,,,,,,,,,,,,,,,,,,,,,,
150840,인트로메딕,2015,ANNUAL,1,39.396610489218126,47.74779478695147,,-171.3330472879496,-255.9419111269681,,,-4.476290711232207,,0.9884686175145407,,,,51.5493730566371,2322.8262213494468,65.98509646267422,2089.6859109110883,,80.3018439901151,0.0,535.6729454449892,257392574.0,3592119297.0,,,,-4.419060239834267,-2.953684743756297,,-0.02953684743756297
