stock_code,corp_name,year,quarter,label,총자산증가율,유동자산증가율,매출액증가율,순이익증가율,영업이익증가율,매출액순이익률,매출총이익률,자기자본순이익률,매출채권회전율,재고자산회전율,총자본회전율,유형자산회전율,매출원가율,부채비율,유동비율,자기자본비율,당좌비율,비유동자산장기적합률,순운전자본비율,차입금의존도,현금비율,유형자산,무형자산,무형자산상각비,유형자산상각비,감가상각비,총자본영업이익률,총자본순이익률,유보액/납입자본비율,총자본투자효율
150840,인트로메딕,2018,Q1,1,-3.8562483069223803,-5.766051904077291,,,,-77.66083188701478,61.64194581609318,-11.730141858535061,0.3268364646015634,0.34112555453979504,0.07192446700888872,0.07192446700888872,38.35805418390682,110.00255262911116,169.57469095810228,47.61846879862055,152.33164111170677,,32.63293742268453,0.0,60.62066305573215,598467077.0,1645000577.0,,,,-4.479436608532775,-5.5857139409404475,166.5882306991024,-0.055857139409404476
150840,인트로메딕,2018,H1,1,74.164704164442,17.663180442690198,,,,-62.51653309001607,51.691337089179655,-6.479623212498002,0.4615498900821658,0.5551630881286482,0.04789273807075022,0.04789273807075022,48.30866291082035,116.41392413602274,107.75784987338088,46.20774767576737,99.56635833434044,,3.9468669381937693,0.0,47.67089907081242,718971161.0,1605210103.0,,,,-3.3449951270882976,-2.9940879443715285,103.24035082314718,-0.029940879443715287
150840,인트로메딕,2018,Q3,1,86.65179511569127,6.1846198313506235,,,,-57.02285187720663,50.040715815257386,-10.511748186537293,0.6328258226665598,0.7691033847074338,0.0701785031716662,0.0701785031716662,49.95928418474262,162.6769190750893,94.18943301739485,38.069580057551164,84.88845263714624,,-2.8479041551986652,0.0,24.069798366095164,760997621.0,1716206918.0,,,,-2.7890102882476002,-4.001778391321997,90.37178013065432,-0.04001778391321997
150840,인트로메딕,2018,ANNUAL,1,48.92735735314082,-16.68815706251291,9.596152556177113,20.860408859222144,309.7216768294143,-51.30450108655911,59.20446501850872,-33.249813725863085,1.2900317262314376,2.9509965867409114,0.31170787677025136,0.31170787677025136,40.79553498149128,107.91507108113649,91.65809834216563,48.096561485423116,82.95746850672812,,-4.131484007141031,0.0,28.38952295952758,881140266.0,1548800585.0,,,,-10.23156775005378,-15.992017102448393,133.10776435048982,-0.15992017102448394
