stock_code,corp_name,year,quarter,label,총자산증가율,유동자산증가율,매출액증가율,순이익증가율,영업이익증가율,매출액순이익률,매출총이익률,자기자본순이익률,매출채권회전율,재고자산회전율,총자본회전율,유형자산회전율,매출원가율,부채비율,유동비율,자기자본비율,당좌비율,비유동자산장기적합률,순운전자본비율,차입금의존도,현금비율,유형자산,무형자산,무형자산상각비,유형자산상각비,감가상각비,총자본영업이익률,총자본순이익률,유보액/납입자본비율,총자본투자효율
208340,파멥신,2022,Q1,1,-23.90477354351339,-42.153259644604404,,,,-24839.28757016248,,-14.834432484200915,0.008524653185101632,,0.0005192812519219788,0.0005192812519219788,,15.008293054563351,628.0797031964923,86.95025145061237,628.0797031964923,,38.84547288868875,0.0,520.7251833003186,8094280967.0,249903108.0,,,,-14.206913936214644,-12.898576346284022,,-0.1289857634628402
208340,파멥신,2022,H1,1,-21.685480490764654,-33.73487388533192,,,,-88549.48413131313,,-21.93408321832438,0.003158602212353713,,0.00018446089175435927,0.00018446089175435927,,34.28550835148126,802.5541117152903,74.46819930729848,802.5541117152903,,45.01760801468375,0.0,693.2059258357183,8107376978.0,247576038.0,,,,-14.096951819998212,-16.333916807250507,,-0.16333916807250506
208340,파멥신,2022,Q3,1,-25.577551029431906,-43.44023430833261,,,,-10902.800807909603,,-10.408030631492396,0.011143071359905084,,0.0006940818725684626,0.0006940818725684626,,37.537074379959314,766.562354357122,72.70766842381745,766.562354357122,,40.16346357198663,0.0,654.9511039748396,8765726665.0,263482844.0,,,,-9.221144824087,-7.567436400994845,,-0.07567436400994845
208340,파멥신,2022,ANNUAL,1,-41.11198975984239,-51.09526346199247,205.1761972288694,-30.624246073766976,-39.06706169134321,-14786.412659236277,,-123.22699630531575,0.1827906776404762,,0.005119305086848689,0.005119305086848689,,62.791613611099216,458.4775969854238,61.428225804613525,458.4775969854238,,39.46409630115376,0.0,292.2387529030994,7561989747.0,257961170.0,,,,-57.71062071669856,-75.69615754267213,,-0.7569615754267213
