stock_code,corp_name,year,quarter,label,총자산증가율,유동자산증가율,매출액증가율,순이익증가율,영업이익증가율,매출액순이익률,매출총이익률,자기자본순이익률,매출채권회전율,재고자산회전율,총자본회전율,유형자산회전율,매출원가율,부채비율,유동비율,자기자본비율,당좌비율,비유동자산장기적합률,순운전자본비율,차입금의존도,현금비율,유형자산,무형자산,무형자산상각비,유형자산상각비,감가상각비,총자본영업이익률,총자본순이익률,유보액/납입자본비율,총자본투자효율
208340,파멥신,2020,Q1,1,-2.23607030585383,-1.1281748468044626,,,,,,-9.066373135429947,0.0,,0.0,0.0,,151.7877935325576,9265.581384554847,39.715984082075614,9265.581384554847,,84.42572389967933,0.0,1817.0905069210967,3947481866.0,231598193.0,,,,-3.054706156380073,-3.600799311288938,,-0.03600799311288938
208340,파멥신,2020,H1,1,-1.9082939089947113,-6.828441638348344,,,,,,,0.0,,0.0,0.0,,184.84190566635152,134.1064348881845,35.10719385410046,134.1064348881845,,20.385967538698047,0.0,24.80468402797207,12449108789.0,222221200.0,,,,-3.803143333719668,,,
208340,파멥신,2020,Q3,1,-6.629527379141957,-8.558809659974234,,,,,,,0.023043330385807175,,6.63788329000051e-05,6.63788329000051e-05,,179.2257976414134,140.758115936751,35.81330981760565,140.758115936751,,23.93131250202525,0.0,57.74594973549899,12199195193.0,218285431.0,,,,-4.443013765778795,,,
208340,파멥신,2020,ANNUAL,1,-17.226082463484275,-26.316424430547986,,201.9986306708311,152.43964415459183,-51285.278770257515,,-67.10714266939199,0.03894805114742681,,0.00044789773789300033,0.00044789773789300033,,192.14412557435216,117.8787875339862,34.229680231769535,117.8787875339862,,11.393919176411888,0.0,44.34615878692729,5957726763.0,220397870.0,,,,-19.098864066400427,-22.970560348410256,549.4627234440147,-0.22970560348410254
