stock_code,corp_name,year,quarter,label,총자산증가율,유동자산증가율,매출액증가율,순이익증가율,영업이익증가율,매출액순이익률,매출총이익률,자기자본순이익률,매출채권회전율,재고자산회전율,총자본회전율,유형자산회전율,매출원가율,부채비율,유동비율,자기자본비율,당좌비율,비유동자산장기적합률,순운전자본비율,차입금의존도,현금비율,유형자산,무형자산,무형자산상각비,유형자산상각비,감가상각비,총자본영업이익률,총자본순이익률,유보액/납입자본비율,총자본투자효율
208340,파멥신,2025,Q1,1,13.942427924299484,16.883113118367483,,,,-21.078612459219446,5.658801611109152,-0.8387821016785382,0.40624653036453295,13.542023356207238,0.030696902080850526,0.030696902080850526,94.34119838889085,129.63210899301237,489.41568451692035,77.14138169686831,488.23811549065266,,70.71954288241898,0.0,110.3090200630713,1446940275.0,706396068.0,,,,-1.7976856121023324,-0.6470481026608552,11.907947478730593,-0.006470481026608552
208340,파멥신,2025,H1,1,8.188183132192666,11.262594817238705,,,,-90.40366701770132,21.788034631471138,-4.233141534392016,0.5523728985063424,,0.03638157460433174,0.03638157460433174,,128.70495016433273,505.1806535862778,77.6970892512823,498.56586153151505,,71.46755660868907,0.0,45.584904830678646,1198486908.0,700348680.0,,,,-5.5921117609083595,-3.289027756109665,5.0832217928959285,-0.03289027756109665
208340,파멥신,2025,Q3,1,17.75860744443251,16.635375971323754,,,,31.846378370425864,60.93320865075626,5.99100270671529,3.1281966389511577,,0.14780464133655385,0.14780464133655385,,127.27742876401868,496.29847215214335,78.56852622738556,490.06086244679966,,68.52588918675178,0.0,51.84785394770609,1068402571.0,689857197.0,,,,1.7529014713919142,4.707042532908981,17.404776066186017,0.04707042532908982
208340,파멥신,2025,ANNUAL,1,,,,,,,,,,,,,,,,,,,,,,,,,,,,,,
