stock_code,corp_name,year,quarter,label,총자산증가율,유동자산증가율,매출액증가율,순이익증가율,영업이익증가율,매출액순이익률,매출총이익률,자기자본순이익률,매출채권회전율,재고자산회전율,총자본회전율,유형자산회전율,매출원가율,부채비율,유동비율,자기자본비율,당좌비율,비유동자산장기적합률,순운전자본비율,차입금의존도,현금비율,유형자산,무형자산,무형자산상각비,유형자산상각비,감가상각비,총자본영업이익률,총자본순이익률,유보액/납입자본비율,총자본투자효율
208340,파멥신,2021,Q1,1,-4.217214772778666,-5.721288772347727,,,,-32682.879530000002,,-54.007565676444315,0.032232576865912445,,0.00039086627689438125,0.00039086627689438125,,322.7718742329265,99.52688956427413,23.653418331443902,99.52688956427413,,-0.35149487967024895,0.0,41.55286895732218,5910070357.0,230758150.0,,,,-6.3562058060571776,-12.774635440078686,,-0.12774635440078685
208340,파멥신,2021,H1,1,-38.89150646283718,-46.24464820451716,,,,-19396.099771999998,,-47.081252295400716,0.040580995285058916,,0.0006126523251562445,0.0006126523251562445,,296.20459723128147,92.49146663946767,25.239485028394498,92.49146663946767,,-5.364686040500004,0.0,88.66845291722771,6746818829.0,228934552.0,,,,-12.997541391775835,-11.883065624278302,,-0.11883065624278302
208340,파멥신,2021,Q3,1,-41.9167033425221,-50.54401174690219,,,,-26585.319618,,-22.934686204077227,0.12712364304346144,,0.0006445615660060538,0.0006445615660060538,,33.84017959494684,294.9155134832406,74.71597864157044,294.9155134832406,,42.27534358174637,0.0,286.27415216621847,6651800752.0,243201786.0,,,,-18.790756852002115,-17.135875245749542,,-0.17135875245749543
208340,파멥신,2021,ANNUAL,1,-48.68618993858483,-58.485697123247114,13.172947984276753,43.534292116714454,49.85016626091953,-65043.778706904195,,-86.48652158919606,0.022705467440672613,,0.0009878414277203602,0.0009878414277203602,,34.603214477345155,285.00378517971563,74.29243082217091,285.00378517971563,,39.45156215807246,0.0,258.9586318500095,7205339714.0,250162567.0,,,,-55.77383461332235,-64.2529392221554,,-0.642529392221554
