stock_code,corp_name,year,quarter,label,총자산증가율,유동자산증가율,매출액증가율,순이익증가율,영업이익증가율,매출액순이익률,매출총이익률,자기자본순이익률,매출채권회전율,재고자산회전율,총자본회전율,유형자산회전율,매출원가율,부채비율,유동비율,자기자본비율,당좌비율,비유동자산장기적합률,순운전자본비율,차입금의존도,현금비율,유형자산,무형자산,무형자산상각비,유형자산상각비,감가상각비,총자본영업이익률,총자본순이익률,유보액/납입자본비율,총자본투자효율
208340,파멥신,2019,Q1,1,-4.951728496719731,-5.404818130961733,,,,,,-3.0476877179328588,,,,,,4.455537440552612,11562.060781813954,95.73451293275062,11562.060781813954,,94.71139312960312,0.0,3922.2681981981764,1171631758.0,1171397356.0,,,,-3.460850016431155,-2.9176889924742846,,-0.029176889924742846
208340,파멥신,2019,H1,1,137.91915677135677,114.55430856435176,,,,,,,,,,,,133.79432002413435,156.6287442262484,42.77263878338751,156.6287442262484,,31.298481390474446,0.0,131.60985727942548,2972030111.0,311148886.0,,,,-0.8986517596059481,,1959.92915641643,
208340,파멥신,2019,Q3,1,134.92319484779804,99.39430624069013,,,,,,,,,,,,96.599772017442,172.87394329180444,50.864758882389836,172.87394329180444,,34.34626835995487,0.0,47.59389409034377,3401634726.0,252134916.0,,,,-1.8736399035017344,,2312.336377347428,
208340,파멥신,2019,ANNUAL,1,131.20182865620336,103.25200622201474,,45.621786424228986,46.15202648072948,,,-14.98643936794847,,,,,,138.0336384851373,5190.040036218956,42.010868983227326,5190.040036218956,,82.7644892464051,0.0,1761.6543852048,3200561250.0,226454279.0,,,,-6.26243870913251,-6.295933408119633,,-0.06295933408119633
