stock_code,corp_name,year,quarter,label,총자산증가율,유동자산증가율,매출액증가율,순이익증가율,영업이익증가율,매출액순이익률,매출총이익률,자기자본순이익률,매출채권회전율,재고자산회전율,총자본회전율,유형자산회전율,매출원가율,부채비율,유동비율,자기자본비율,당좌비율,비유동자산장기적합률,순운전자본비율,차입금의존도,현금비율,유형자산,무형자산,무형자산상각비,유형자산상각비,감가상각비,총자본영업이익률,총자본순이익률,유보액/납입자본비율,총자본투자효율
208340,파멥신,2023,Q1,1,-9.222092965690583,-6.549482525098243,,,,-73373.1614,,-19.11257173140936,0.004223991157868622,,0.00015012984656183098,0.00015012984656183098,,73.50614310261247,576.8108158683084,57.634846934992645,576.8108158683084,,42.95092386436572,0.0,350.32000286501307,4942870470.0,256026933.0,,,,-11.297208251364957,-11.015501462738461,,-0.11015501462738461
208340,파멥신,2023,H1,1,-19.950138202682453,-2.395050588300695,,,,-95965.60010909091,,-33.311929072866995,0.004571353556585336,,0.00017024980366326777,0.00017024980366326777,,103.89077654458009,156.02953693596555,49.04586744664995,156.02953693596555,,22.09936167565685,0.0,98.58711805911625,2174518725.0,264696839.0,,,,-9.002499075880815,-16.338124577000396,,-0.16338124577000396
208340,파멥신,2023,Q3,1,-37.83075564747846,-12.53518588789729,,,,-60870.89170976336,,-30.614137229894194,0.0057228056339011625,,0.000254330047660201,0.000254330047660201,,197.74917854643436,186.8435148216419,50.56911019052277,186.8435148216419,,33.0046714942986,0.0,64.28378856371376,1941995176.0,250789481.0,,,,-13.277090918654597,-15.481296789663048,-19.46287526746015,-0.1548129678966305
208340,파멥신,2023,ANNUAL,1,-33.85034506051115,0.7650941892528684,-63.71524895606293,-53.36404611017197,-48.03890109341491,-19004.635256753023,,-85.90169564327039,0.05873106114255311,,0.0028080677180279284,0.0028080677180279284,,160.96617379285348,287.71172676147825,62.1248537153461,287.71172676147825,,50.16197588915752,0.0,161.47491244319917,1715211362.0,247224977.0,,,,-45.332168002446785,-53.366302757383565,-4.518640859136691,-0.5336630275738357
