stock_code,corp_name,year,quarter,label,총자산증가율,유동자산증가율,매출액증가율,순이익증가율,영업이익증가율,매출액순이익률,매출총이익률,자기자본순이익률,매출채권회전율,재고자산회전율,총자본회전율,유형자산회전율,매출원가율,부채비율,유동비율,자기자본비율,당좌비율,비유동자산장기적합률,순운전자본비율,차입금의존도,현금비율,유형자산,무형자산,무형자산상각비,유형자산상각비,감가상각비,총자본영업이익률,총자본순이익률,유보액/납입자본비율,총자본투자효율
208340,파멥신,2018,Q1,1,,,,,,,,,,,,,,,,,,,,,,,,,,,,,,
208340,파멥신,2018,H1,1,,,,,,,,,,,,,,,,,,,,,,,,,,,,,,
208340,파멥신,2018,Q3,1,,,,,,,,,,,,,,,,,,,,,,,,,,,,,,
208340,파멥신,2018,ANNUAL,1,827.2257068956636,1220.7240150128005,-99.0537456878053,,,,14.074379746835444,,0.007008843716415994,,2.8300723222445632e-05,2.8300723222445632e-05,85.92562025316455,6.647907535191357,4359.475552957544,93.76649041801622,4359.475552957544,,93.79330860892736,0.0,1983.9370988263288,1000035646.0,1220128067.0,,,,,,,
