stock_code,corp_name,year,quarter,label,총자산증가율,유동자산증가율,매출액증가율,순이익증가율,영업이익증가율,매출액순이익률,매출총이익률,자기자본순이익률,매출채권회전율,재고자산회전율,총자본회전율,유형자산회전율,매출원가율,부채비율,유동비율,자기자본비율,당좌비율,비유동자산장기적합률,순운전자본비율,차입금의존도,현금비율,유형자산,무형자산,무형자산상각비,유형자산상각비,감가상각비,총자본영업이익률,총자본순이익률,유보액/납입자본비율,총자본투자효율
268600,셀리버리,2020,Q1,1,-10.191859861944486,-10.77298106076799,,,,-2348.299710181585,-100.9433078533213,-14.629988671222268,,,0.005466758353673299,0.005466758353673299,200.94330785332133,13.962137944002794,1418.4998684478578,87.74844154743452,1418.4998684478578,,84.88528957333274,0.0,57.078415057304866,1487140159.0,325483525.0,,,,-13.236756130368143,-12.837587057563768,,-0.12837587057563768
268600,셀리버리,2020,H1,1,-17.476596850720753,-19.647893215208054,,,,-1788.6653478514763,-127.18021519532488,-22.345324883244665,,,0.010728503061371403,0.010728503061371403,227.18021519532488,16.444357910978262,1088.5219219451524,85.87792641396162,1088.5219219451524,,81.27747937044325,0.0,173.09883652689956,1515356477.0,393451364.0,,,,,-19.18970166019351,,-0.1918970166019351
268600,셀리버리,2020,Q3,1,111.68362593957409,121.50009190327464,,,,-3534.0027469332854,-237.6932955392413,-11.069992357368465,,,0.0020511033595488936,0.0020511033595488936,337.69329553924126,52.7189369480783,297.5907271300374,65.47976432942184,297.5907271300374,,63.860861396851796,0.0,74.30607623039592,1410827777.0,399138138.0,,,,,-7.24860490688988,,-0.0724860490688988
268600,셀리버리,2020,ANNUAL,1,96.10945450097671,92.70020547854536,-63.274564215449594,-12.22205869194721,,-2264.8297671018986,-94.99729262488323,-44.925455551145504,,,0.012584650638203567,0.012584650638203567,194.99729262488324,57.62161085539332,4332.907696398059,63.44307703576442,4332.907696398059,,88.23562567359289,0.0,2273.4277719132333,1895806450.0,545176907.0,,,,,-28.502091373981347,,-0.2850209137398135
