stock_code,corp_name,year,quarter,label,총자산증가율,유동자산증가율,매출액증가율,순이익증가율,영업이익증가율,매출액순이익률,매출총이익률,자기자본순이익률,매출채권회전율,재고자산회전율,총자본회전율,유형자산회전율,매출원가율,부채비율,유동비율,자기자본비율,당좌비율,비유동자산장기적합률,순운전자본비율,차입금의존도,현금비율,유형자산,무형자산,무형자산상각비,유형자산상각비,감가상각비,총자본영업이익률,총자본순이익률,유보액/납입자본비율,총자본투자효율
268600,셀리버리,2022,Q1,1,-4.934610463283093,-10.087383002891631,,,,-203.199155013997,16.362641485935967,-27.28214894762767,1.5806059322690496,1.149212857821157,0.06556384379405378,0.06556384379405378,83.63735851406403,104.78223146044844,257.03487939506095,48.832361717532095,239.9212877615867,,43.78437950648636,9.667691136749573,25.540392126142454,25537317867.0,3091074166.0,,,,,-13.32251765842142,,-0.1332251765842142
268600,셀리버리,2022,H1,1,-3.716880653341733,-31.062308425148565,,,,-342.07953938001594,10.272868731474277,-36.229766792809166,0.9411090968148934,0.6422138331794942,0.03804835761606706,0.03804835761606706,89.72713126852571,178.35724207209594,220.65292282927368,35.925057762319504,199.03239894157994,10.401696168733787,29.665500219193063,13.271760344443104,5.582648666633056,31903465233.0,3200684777.0,,,,,-13.015564647470343,,-0.13015564647470343
268600,셀리버리,2022,Q3,1,-12.321846187457506,-43.67354714328109,,,,-312.36855335587876,2.3666596696854985,-46.44860146740098,1.0111208422006162,0.6664905060779169,0.04144514736708541,0.04144514736708541,97.6333403303145,258.7828271874151,168.6812619352055,27.872014049257615,147.6431493062769,10.363101363833602,19.82026054973403,17.514071541794472,34.89261252987882,32975620635.0,3189751494.0,,,,-13.55932789411014,-12.94616072667768,,-0.1294616072667768
268600,셀리버리,2022,ANNUAL,1,-34.76297439942652,-69.95667393981067,498.0364363602256,167.76998416688406,138.47480268067548,-324.5439335553932,-1.161953232914973,-718.9230390546359,5.173361766417979,3.582956283281878,0.2734016775883939,0.2734016775883939,101.16195323291497,710.2289016404109,53.62204469500333,12.342191175547718,41.76027591165392,6.4740838638476585,-30.181374578747146,26.667544954539668,26.445973893959398,33467367968.0,843942309.0,,,,-78.97103622108595,-88.73085588518074,,-0.8873085588518075
