stock_code,corp_name,year,quarter,label,총자산증가율,유동자산증가율,매출액증가율,순이익증가율,영업이익증가율,매출액순이익률,매출총이익률,자기자본순이익률,매출채권회전율,재고자산회전율,총자본회전율,유형자산회전율,매출원가율,부채비율,유동비율,자기자본비율,당좌비율,비유동자산장기적합률,순운전자본비율,차입금의존도,현금비율,유형자산,무형자산,무형자산상각비,유형자산상각비,감가상각비,총자본영업이익률,총자본순이익률,유보액/납입자본비율,총자본투자효율
268600,셀리버리,2018,Q1,1,,,,,,,,,,,,,,,,,,,,,,,,,,,,,,
268600,셀리버리,2018,H1,1,,,,,,,,,,,,,,,,,,,,,,,,,,,,,,
268600,셀리버리,2018,Q3,1,,,,,,,,,,,,,,,,,,,,,,,,,,,,,,
268600,셀리버리,2018,ANNUAL,1,374.2909400771782,454.66811484861597,62.67690897125659,-55.368951844334035,17.81608279161796,-148.44647332670516,33.60858517786075,-18.697063892780623,6.168721458722091,51.07675252805441,0.1128211264835476,0.1128211264835476,66.39141482213925,11.638269528545939,1109.4683939591716,89.57501797753142,1107.7395917034607,,85.63010643928367,0.0,28.9749398583779,1436402307.0,35939805.0,10338598.0,497074558.0,507413156.0,-10.257448351044038,-16.747898343228776,804.6939750075106,-0.12259782173652076
