stock_code,corp_name,year,quarter,label,총자산증가율,유동자산증가율,매출액증가율,순이익증가율,영업이익증가율,매출액순이익률,매출총이익률,자기자본순이익률,매출채권회전율,재고자산회전율,총자본회전율,유형자산회전율,매출원가율,부채비율,유동비율,자기자본비율,당좌비율,비유동자산장기적합률,순운전자본비율,차입금의존도,현금비율,유형자산,무형자산,무형자산상각비,유형자산상각비,감가상각비,총자본영업이익률,총자본순이익률,유보액/납입자본비율,총자본투자효율
268600,셀리버리,2019,Q1,1,4.826012854429629,2.8159191915952038,,,,-1832.9673625766752,-36.20655665453666,-22.455085302157617,0.9132487143287509,10.442471194810716,0.010725444085017043,0.010725444085017043,136.20655665453668,14.220667546170654,911.7797351629176,87.54982977102429,910.3978881668988,,82.18418599486616,0.0,46.51871731245763,1669892743.0,126675827.0,4599150.0,272305294.0,276904444.0,-6.639731587694032,-19.659388956977292,806.7386463942064,-0.1965634332255437
268600,셀리버리,2019,H1,1,-5.179844446634382,-6.462421461327221,,,,,-29.67252823485511,,1.1700594385476948,,0.0224601381441465,0.0224601381441465,129.67252823485512,11.514099987007825,1231.185085870991,89.67475862841623,1231.185085870991,,85.29910545895427,0.0,233.71149421761106,1681743487.0,187621050.0,12690587.0,472380063.0,485070650.0,-10.266264406990437,,712.3837556698393,
268600,셀리버리,2019,Q3,1,-13.802588578876934,-15.272468244714235,,,,-858.0399505802386,-94.75374242140226,-11.437010084856253,0.5694004655702827,,0.012001369303069637,0.012001369303069637,194.75374242140225,11.064226136750872,1395.6866201199957,90.03799286088056,1395.6866201199957,,85.87981154792048,0.0,61.30653392584195,1530943754.0,222732475.0,23462172.0,716352935.0,739815107.0,-10.87710414559664,-10.297654323701064,621.585098925117,-0.10297654323701064
268600,셀리버리,2019,ANNUAL,1,-22.845178402124887,-24.64443311214619,-54.043665999784515,193.35441179149092,255.50047216063354,-947.5827176526449,-91.73006668301474,-72.02165843711924,2.374505185745949,,0.06720053605958003,0.06720053605958003,191.73006668301474,13.102771954707023,1361.223704296076,88.41516283972763,1361.223704296076,,85.16547714449281,0.0,59.754005103416596,1421603492.0,291548845.0,36449974.0,961436976.0,997886950.0,-47.26247376949278,-63.678066587051404,510.3843844080394,-0.6367806658705141
