stock_code,corp_name,year,quarter,label,총자산증가율,유동자산증가율,매출액증가율,순이익증가율,영업이익증가율,매출액순이익률,매출총이익률,자기자본순이익률,매출채권회전율,재고자산회전율,총자본회전율,유형자산회전율,매출원가율,부채비율,유동비율,자기자본비율,당좌비율,비유동자산장기적합률,순운전자본비율,차입금의존도,현금비율,유형자산,무형자산,무형자산상각비,유형자산상각비,감가상각비,총자본영업이익률,총자본순이익률,유보액/납입자본비율,총자본투자효율
268600,셀리버리,2021,Q1,1,-2.687843614977374,-3.3247873626153432,,,,-6673.930084226168,-53.45667385557482,-13.334689132508903,,,0.001175344457286016,0.001175344457286016,153.45667385557482,69.99497316565441,1806.6299673687658,58.825268852246204,1806.6299673687658,,84.76231427965291,0.0,170.10184665851747,2177545839.0,519057059.0,,,,-7.184487533936112,-7.84416673280962,,-0.0784416673280962
268600,셀리버리,2021,H1,1,-2.710444032897398,-3.644123043057478,,,,-15650.327165206789,-246.4681268776717,-21.690489712748498,1.5619147011185583,,0.0008252416894869771,0.0008252416894869771,346.4681268776717,67.94410993393313,2448.5574207610784,59.543618433143386,2448.5574207610784,,85.80003907953424,0.0,1202.1038733666876,2326554658.0,636762970.0,,,,-12.172573007278748,-12.915302430839185,,-0.12915302430839184
268600,셀리버리,2021,Q3,1,-13.573588605266481,-17.68871462194524,,,,-18692.299871797775,-92.58744813443651,-21.90022727829019,0.6002960569690458,,0.0008932451066992926,0.0008932451066992926,192.5874481344365,31.164176393261645,2886.89169801171,76.24032929553572,2886.89169801171,,83.03995632896338,0.0,337.7047500872147,2392993559.0,607655602.0,,,,-15.921074161600867,-16.696805393439178,267.491142422076,-0.1669680539343918
268600,셀리버리,2021,ANNUAL,1,114.55669968254038,80.00078536996426,408.4738215669434,62.73174507415264,59.26933791536874,-724.835153087337,1.8238514264020254,-37.421177379234585,0.8247378453145057,0.9699023584766447,0.0298241230059942,0.0298241230059942,98.17614857359797,73.10536102490764,376.2819978674211,57.76828597793183,361.29059862948685,,55.63602262795179,7.019239865788303,265.1409357944001,22002870800.0,2930746619.0,,,,-21.60326983709576,-21.617572764745372,626.8688040598461,-0.2161757276474537
