stock_code,corp_name,year,quarter,label,총자산증가율,유동자산증가율,매출액증가율,순이익증가율,영업이익증가율,매출액순이익률,매출총이익률,자기자본순이익률,매출채권회전율,재고자산회전율,총자본회전율,유형자산회전율,매출원가율,부채비율,유동비율,자기자본비율,당좌비율,비유동자산장기적합률,순운전자본비율,차입금의존도,현금비율,유형자산,무형자산,무형자산상각비,유형자산상각비,감가상각비,총자본영업이익률,총자본순이익률,유보액/납입자본비율,총자본투자효율
268600,셀리버리,2024,Q1,1,-13.894714781584835,-26.955481814736622,,,,-92.34146579799992,-5.924528121766146,9.9604005095893,2.250917549269515,2.2943224107820406,0.12069712538238134,0.12069712538238134,105.92452812176614,-89.3682206337388,10.635202205981855,-111.89659958637179,7.949783503498741,8.262285340221382,-185.43575855888835,9.43219697779227,1.0944410486053717,16749772294.0,438773731.0,,,,,-11.145349475414074,,-0.11145349475414074
268600,셀리버리,2024,H1,1,-24.740150992769685,-56.46174144175487,,,,-99.96909025839136,6.152822743976517,6.803444015989251,1.36097468108879,0.8700820011120736,0.06603560949142841,0.06603560949142841,93.84717725602349,-103.05875338439527,7.744184188682126,-97.03202951331409,4.0790300647834155,7.882386462551178,-179.28366925693066,10.777253853014978,0.1469371366860242,16406701496.0,405519135.0,,,,,-6.601519805516491,,-0.06601519805516491
268600,셀리버리,2024,Q3,1,-31.15816813130236,-62.9022038454555,,,,-79.51958637124021,-28.000219293499274,6.761947304575046,1.3825792463859115,2.7444570372703447,0.09172574605397615,0.09172574605397615,128.00021929349927,-92.70569558966231,6.779580811139015,-107.86823761360253,4.710689198770132,7.29767467457026,-192.7608543577572,90.26977876264527,0.31155516339791617,16030796372.0,365543370.0,,,,,-7.293993385805603,-264.36483759075526,-0.07293993385805603
268600,셀리버리,2024,ANNUAL,1,,,,,,,,,,,,,,,,,,,,,,,,,,,,,,
