stock_code,corp_name,year,quarter,label,총자산증가율,유동자산증가율,매출액증가율,순이익증가율,영업이익증가율,매출액순이익률,매출총이익률,자기자본순이익률,매출채권회전율,재고자산회전율,총자본회전율,유형자산회전율,매출원가율,부채비율,유동비율,자기자본비율,당좌비율,비유동자산장기적합률,순운전자본비율,차입금의존도,현금비율,유형자산,무형자산,무형자산상각비,유형자산상각비,감가상각비,총자본영업이익률,총자본순이익률,유보액/납입자본비율,총자본투자효율
268600,셀리버리,2023,Q1,1,-25.832408602572766,-36.865937644838,,,,,15.806968830413846,,1.415994718090475,1.0797482533297282,0.11944314377237307,0.11944314377237307,84.19303116958615,-1335.1538564255127,34.121615388806994,-8.096157371794645,23.423085680684704,5.162775080398046,-57.35003738935429,40.62785716074844,9.6267629187802,32804302594.0,816446728.0,,,,,,,
268600,셀리버리,2023,H1,1,-46.992554564395576,22.525416265181054,,,,-234104.67283888056,-1846.792986774188,65.15250731115782,0.0024412000029815305,,0.00012349886971532712,0.00012349886971532712,1946.792986774188,-325.35026248374527,57.79708351462066,-44.37536433187563,57.79708351462066,,-58.89747004811466,4.454369694258901,2.6744862017312023,3076387558.0,543714823.0,,,,,-28.911662490678186,-260.4384940570584,-0.28911662490678186
268600,셀리버리,2023,Q3,1,-61.46007093452841,-5.132777531080469,,,,-8993.509425043167,-1565.1669589750672,19.659148211658604,0.023304419214337287,,0.0016602161966091443,0.0016602161966091443,1665.1669589750672,-131.6651554841592,49.838595767015356,-75.95023879497954,49.838595767015356,,-86.45297663125291,0.0,0.7946438505608435,834096468.0,509952813.0,,,,,-14.931170011813661,-285.5027752064887,-0.1493117001181366
268600,셀리버리,2023,ANNUAL,1,-64.38969382407205,-73.45273039800911,-18.548275502980843,-54.71533842079383,-70.74724872073291,-180.43647681367642,-1.4042682753072209,130.0678125055739,15.80715875782191,6.54183225497115,0.6253537391657211,0.6253537391657211,101.40426827530722,-115.2709166712627,14.365037055557305,-86.75215126915896,9.012318698942897,9.109701204554094,-155.0812540044992,8.12162011009077,2.6701030640137313,17480684387.0,472028327.0,,,,-64.87223303918199,-112.83662545732152,-289.3208328014011,-1.1283662545732152
