stock_code,corp_name,year,quarter,label,총자산증가율,유동자산증가율,매출액증가율,순이익증가율,영업이익증가율,매출액순이익률,매출총이익률,자기자본순이익률,매출채권회전율,재고자산회전율,총자본회전율,유형자산회전율,매출원가율,부채비율,유동비율,자기자본비율,당좌비율,비유동자산장기적합률,순운전자본비율,차입금의존도,현금비율,유형자산,무형자산,무형자산상각비,유형자산상각비,감가상각비,총자본영업이익률,총자본순이익률,유보액/납입자본비율,총자본투자효율
054630,에이디칩스,2015,Q1,1,,,,,,,,,,,,,,,,,,,,,,,,,,,,,,
054630,에이디칩스,2015,H1,1,,,,,,,,,,,,,,,,,,,,,,,,,,,,,,
054630,에이디칩스,2015,Q3,1,,,,,,,,,,,,,,,,,,,,,,,,,,,,,,
054630,에이디칩스,2015,ANNUAL,1,-27.607602508480884,-37.0807438833724,-15.179781279293975,-16.754613910500417,-53.89956761030344,-0.7426426920229785,27.83186703454843,-1.6716832599015254,10.339983001852577,4.139609260783212,1.3959076811103581,1.3959076811103581,72.16813296545158,61.25655768513095,174.26010707164406,62.012981943506254,100.4588799161003,1.4703966241758242,24.486956230325983,28.929926804384777,24.776912211004813,3812704806.0,167425060.0,43969972.0,126936404.0,170906376.0,-16.520556175545376,-1.0366606381153496,-80.85142053935127,-0.010366606381153496
