stock_code,corp_name,year,quarter,label,총자산증가율,유동자산증가율,매출액증가율,순이익증가율,영업이익증가율,매출액순이익률,매출총이익률,자기자본순이익률,매출채권회전율,재고자산회전율,총자본회전율,유형자산회전율,매출원가율,부채비율,유동비율,자기자본비율,당좌비율,비유동자산장기적합률,순운전자본비율,차입금의존도,현금비율,유형자산,무형자산,무형자산상각비,유형자산상각비,감가상각비,총자본영업이익률,총자본순이익률,유보액/납입자본비율,총자본투자효율
054630,에이디칩스,2025,Q1,1,-0.5484060875930271,-0.5489992389117202,,,,-135.01152928505107,31.63186040089821,-11.843238791882605,1.7144015759262587,0.32792835263513864,0.010178941186168586,0.010178941186168586,68.3681395991018,861.7812173166249,116.8401448113662,11.60387323262573,114.35987862596646,0.0111719755,14.408704319899716,2.6543425083563736,0.0810228975123624,0.0,2339485.0,,,,-0.2687169200123731,-1.3742744160472127,98.89006020113548,-0.013742744160472126
054630,에이디칩스,2025,H1,1,-1.90757683655644,-1.8820141373342993,,,,-530.3417698628812,-94.31576609114957,-60.42588086252449,0.673579032179107,2.1337267374933075,0.008355491168989704,0.008355491168989704,194.31576609114958,1363.6256818796016,108.11001475890008,7.333390777897455,107.28735509265557,,7.501405868054374,62.84813837662511,0.06087286452456595,0.0,2233837.0,,,,-1.6632962941769247,-4.431265974635674,16.258739276366946,-0.04431265974635674
054630,에이디칩스,2025,Q3,1,-2.250420771513174,-2.22481824025738,,,,-137.10239802131764,51.12256066871588,-17.521109713954303,0.7756410347351986,0.5424062851714128,0.008002507113278944,0.008002507113278944,48.87743933128412,1596.9469499755912,106.8728664495528,6.261948776791143,106.10215867679176,,6.430695812399039,0.0,0.03175897332102493,0.0,2128189.0,,,,0.9433203144153277,-1.0971629154131957,-1364.2352951330997,-0.010971629154131956
054630,에이디칩스,2025,ANNUAL,1,,,,,,,,,,,,,,,,,,,,,,,,,,,,,,
