stock_code,corp_name,year,quarter,label,총자산증가율,유동자산증가율,매출액증가율,순이익증가율,영업이익증가율,매출액순이익률,매출총이익률,자기자본순이익률,매출채권회전율,재고자산회전율,총자본회전율,유형자산회전율,매출원가율,부채비율,유동비율,자기자본비율,당좌비율,비유동자산장기적합률,순운전자본비율,차입금의존도,현금비율,유형자산,무형자산,무형자산상각비,유형자산상각비,감가상각비,총자본영업이익률,총자본순이익률,유보액/납입자본비율,총자본투자효율
080000,에스엔유,2024,Q1,1,0.1492734622322756,-1.294372829621692,,,,20.036643383658422,10.818740059480747,2.3402529555385922,1.5205092801299662,0.3754869302149997,0.08980642917233564,0.08980642917233564,89.18125994051925,130.05600374153067,290.896336990099,76.88995288424897,196.58931420065014,,43.17573781090145,0.0,65.3784142430205,25599253764.0,512087584.0,,,,0.29945558209722906,1.7994193948858674,768.2529876843049,0.017994193948858674
080000,에스엔유,2024,H1,1,-3.1740422862754207,3.21420811161088,,,,8.24766548514419,14.101118199714099,1.6129125081381412,1.992070791641887,0.757212722612368,0.15813809130730797,0.15813809130730797,85.89888180028589,123.66399688883743,381.88761152811657,80.86427943121619,285.61390971137,,52.526010884628306,0.0,135.526029093245,25713247367.0,488874156.0,,,,1.110518787408645,1.3042700775618643,782.5086804279479,0.013042700775618643
080000,에스엔유,2024,Q3,1,-6.472774460873899,-1.824052108679923,,,,-0.6841067740058927,14.76849592566949,-0.12255117044197307,3.0417973299641865,1.0119583797632792,0.14979565937021475,0.14979565937021475,85.23150407433052,119.58985617684318,443.7991997831067,83.61913225493412,363.89495015402724,,54.28398408323255,0.0,94.02487981016566,25645193089.0,467560861.0,,,,1.0094394024080109,-0.10247622529184319,781.4411857166956,-0.0010247622529184319
080000,에스엔유,2024,ANNUAL,1,,,,,,,,,,,,,,,,,,,,,,,,,,,,,,
