stock_code,corp_name,year,quarter,label,총자산증가율,유동자산증가율,매출액증가율,순이익증가율,영업이익증가율,매출액순이익률,매출총이익률,자기자본순이익률,매출채권회전율,재고자산회전율,총자본회전율,유형자산회전율,매출원가율,부채비율,유동비율,자기자본비율,당좌비율,비유동자산장기적합률,순운전자본비율,차입금의존도,현금비율,유형자산,무형자산,무형자산상각비,유형자산상각비,감가상각비,총자본영업이익률,총자본순이익률,유보액/납입자본비율,총자본투자효율
080000,에스엔유,2022,Q1,1,4.857475790613063,-0.38720732497633764,,,,10.623221629057761,16.657212895294712,2.1704283930827155,1.1874551308482588,1.2972910045155246,0.15136846670230228,0.15136846670230228,83.34278710470528,34.97514673601785,244.2081312401222,74.08771349260196,206.40966157571845,,37.10065327221744,0.0,69.12042566823845,24758744494.0,1127011504.0,,,,1.4156362867905428,1.608020769429207,679.426638716401,0.01608020769429207
080000,에스엔유,2022,H1,1,9.520989582652733,6.567003774413889,,,,-2.6608310252264853,13.093906632087094,-0.555834456619279,0.8589161874407487,0.9271080259207269,0.14735575666127906,0.14735575666127906,86.9060933679129,41.76240190138333,220.22776598746722,70.54056552284206,172.95647534400595,,35.13130732369061,0.0,43.5756146260667,25560015515.0,1093375785.0,,,,-0.4873033453141276,-0.39208876907005563,675.4466671755596,-0.003920887690700556
080000,에스엔유,2022,Q3,1,9.490463004767467,-4.882553170037466,,,,11.14100178369993,14.094649738868684,2.8180583699983117,1.0328203161940905,1.391538612097461,0.18371896983403288,0.18371896983403288,85.90535026113132,37.68027952367933,212.13211101234353,72.63204312626429,170.25610402191228,,30.369922775021603,0.0,39.72009684627289,27321749133.0,1074750422.0,,,,0.6846590172491862,2.0468133706204745,697.5900661628821,0.020468133706204743
080000,에스엔유,2022,ANNUAL,1,8.99380612310225,12.7593397526295,9.122275655727439,-10.65244866488704,7.98245646209904,6.081131226329451,14.877803001188864,5.544349312941154,4.735247282122233,5.212108522508805,0.6733187178162167,0.6733187178162167,85.12219699881113,35.408373512412496,264.8219875652056,73.85067659115873,222.26046199914165,,42.584153915556,0.0,63.57451372879643,27416538000.0,1049631065.0,,,,3.5811462209911014,4.094539480184304,707.213236241608,0.04094539480184304
