stock_code,corp_name,year,quarter,label,총자산증가율,유동자산증가율,매출액증가율,순이익증가율,영업이익증가율,매출액순이익률,매출총이익률,자기자본순이익률,매출채권회전율,재고자산회전율,총자본회전율,유형자산회전율,매출원가율,부채비율,유동비율,자기자본비율,당좌비율,비유동자산장기적합률,순운전자본비율,차입금의존도,현금비율,유형자산,무형자산,무형자산상각비,유형자산상각비,감가상각비,총자본영업이익률,총자본순이익률,유보액/납입자본비율,총자본투자효율
080000,에스엔유,2023,Q1,1,5.361992136762002,-23.36187377705758,,,,15.118253224665349,15.003380421088558,2.960933710537058,1.6128062193472799,0.9009073641310509,0.14161564337299698,0.14161564337299698,84.99661957891145,38.29798084565388,181.99059691030646,72.30763557683755,133.13280057313926,,22.421409974394635,0.0,41.65777143165826,27695629975.0,569303417.0,,,,1.0811197140082964,2.1409811570868698,731.5066409364952,0.021409811570868697
080000,에스엔유,2023,H1,1,5.660951805747881,-12.80053190920714,,,,0.18763194754709928,13.610208438892865,0.04588823240724424,1.200886722448106,0.9957104201247252,0.17636091805858822,0.17636091805858822,86.38979156110713,38.67308968445978,205.69082880461335,72.11204439703658,149.95166884637396,,29.014066984797065,0.0,45.034714438097794,27559939604.0,591191144.0,,,,0.7150945226205558,0.0330909425265273,731.5508336802837,0.000330909425265273
080000,에스엔유,2023,Q3,1,8.749828567229146,-8.378331251368815,,,,10.846296108804761,13.480340938059232,1.7806512086669815,1.0297518092682059,0.5000410199050167,0.11712430635084371,0.11712430635084371,86.51965906194077,140.16848207516398,204.3146595288344,71.34271451008222,132.48576310098358,,29.430819137676302,0.0,38.45286918896632,27644508231.0,566287320.0,,,,0.07769218854934079,1.2703649082196127,746.4289735094997,0.012703649082196128
080000,에스엔유,2023,ANNUAL,1,3.422014879049711,0.9049319424677102,3.788838147724545,-6.449501128083549,-32.72323787856827,5.481252802146158,13.135801040045173,4.925879913731217,2.992137383926246,4.0112592048064535,0.6757068841386206,0.6757068841386206,86.86419895995483,132.9981634255256,274.30482259745645,75.1890081970918,214.17837258518216,,42.41918069738889,0.0,83.0582308199365,25390473206.0,539672018.0,,,,2.3295612903446488,3.7037202521142634,748.1812597722743,0.037037202521142634
