stock_code,corp_name,year,quarter,label,총자산증가율,유동자산증가율,매출액증가율,순이익증가율,영업이익증가율,매출액순이익률,매출총이익률,자기자본순이익률,매출채권회전율,재고자산회전율,총자본회전율,유형자산회전율,매출원가율,부채비율,유동비율,자기자본비율,당좌비율,비유동자산장기적합률,순운전자본비율,차입금의존도,현금비율,유형자산,무형자산,무형자산상각비,유형자산상각비,감가상각비,총자본영업이익률,총자본순이익률,유보액/납입자본비율,총자본투자효율
080000,에스엔유,2019,Q1,1,1.7607316715623451,4.6486032756372175,,,,,28.429618590406943,,1.4244545781407452,0.6452880312153426,0.08462036500763796,0.08462036500763796,71.57038140959305,27.6434538154922,328.32956370423597,78.34322639416304,282.63816291377077,,46.90102025252475,0.0,143.16989826768935,18578884745.0,7247039636.0,,,,0.5500100056537641,,,
080000,에스엔유,2019,H1,1,1.3805457004448443,4.231954773171682,,,,,35.137612869588416,,1.7243757288002197,1.351414220815556,0.13264629006939063,0.13264629006939063,64.86238713041158,24.6020007831195,362.3828763851882,80.25553311463963,328.1657098604164,,48.81923801553003,0.0,169.16247243855898,18463979163.0,7180555323.0,,,,2.2634431301366704,,,
080000,에스엔유,2019,Q3,1,8.339072764782333,13.32675992318908,,,,,31.00637790398467,,1.354603695128494,0.5203396704658632,0.06799201083650547,0.06799201083650547,68.99362209601533,30.1814554163473,310.374398437318,76.815856513648,269.5855439532736,,46.497678661926955,0.0,147.8208667337399,18338226508.0,7065709795.0,,,,0.34741816902589817,,,
080000,에스엔유,2019,ANNUAL,1,11.354963587038645,10.254494644787487,-22.069936360128448,-21.399200943243418,-18.566443811385348,12.001725509933165,28.723554992427193,6.6918696309352415,2.406087417421837,3.3557152773761647,0.4234216412128645,0.4234216412128645,71.2764450075728,31.683308814944137,279.56540581183026,75.93976860084143,240.84376375811166,,41.706417085822906,0.0,117.70237951895703,18182181361.0,3848917866.0,,,,5.876402805378398,5.0817903128022035,,0.050817903128022035
