stock_code,corp_name,year,quarter,label,총자산증가율,유동자산증가율,매출액증가율,순이익증가율,영업이익증가율,매출액순이익률,매출총이익률,자기자본순이익률,매출채권회전율,재고자산회전율,총자본회전율,유형자산회전율,매출원가율,부채비율,유동비율,자기자본비율,당좌비율,비유동자산장기적합률,순운전자본비율,차입금의존도,현금비율,유형자산,무형자산,무형자산상각비,유형자산상각비,감가상각비,총자본영업이익률,총자본순이익률,유보액/납입자본비율,총자본투자효율
080000,에스엔유,2021,Q1,1,7.479299453213588,9.898661590566345,,,,14.986755404327006,15.497903029111953,1.9729493550500572,1.2246304890641337,1.1408238459175468,0.10001693936343936,0.10001693936343936,84.50209697088805,31.623900795859754,273.75114445103804,75.97404376815545,241.96191308009801,,40.49208156978003,0.0,157.08372900492918,20878280980.0,2539651535.0,,,,0.05208896444586058,1.4989294065292713,,0.014989294065292712
080000,에스엔유,2021,H1,1,24.68770828165276,37.477703965591914,,,,-1.9037540661552124,9.429923743260888,-0.31192892266106825,1.306272347444569,0.6904719943874276,0.10696106411745196,0.10696106411745196,90.57007625673911,53.18600367104296,201.8886540298326,65.28011541755704,160.71334485320529,,34.71789108308068,0.0,95.07097222797974,21649768068.0,2401138926.0,,,,0.27387605032099677,-0.2036275607338876,,-0.002036275607338876
080000,에스엔유,2021,Q3,1,22.41204723687529,33.3473989403684,,,,7.2724176255989645,9.50268776414156,1.756185506249859,1.6205844840486852,0.931322342864218,0.16344291200403901,0.16344291200403901,90.49731223585844,47.74931856223676,214.93322438825118,67.68220725016528,164.70889805384303,,36.34404159006216,0.0,98.41061585391789,22060685261.0,2410647410.0,,,,0.4579831448214193,1.188625114037394,,0.01188625114037394
080000,에스엔유,2021,ANNUAL,1,12.706991227594772,19.469286762688757,11.96260797366347,70.43025140236145,-29.146751440884085,7.42702925891366,11.491167269836088,6.570899275138302,6.80463213628375,6.4293860140178465,0.6725260204456217,0.6725260204456217,88.50883273016392,31.55294748095549,277.8436649948833,76.01502050303867,238.94895907471022,,42.332518976682096,0.0,108.69480412190133,22787963571.0,1152468144.0,,,,3.614686771329234,4.994870431230399,,0.049948704312303985
