stock_code,corp_name,year,quarter,label,총자산증가율,유동자산증가율,매출액증가율,순이익증가율,영업이익증가율,매출액순이익률,매출총이익률,자기자본순이익률,매출채권회전율,재고자산회전율,총자본회전율,유형자산회전율,매출원가율,부채비율,유동비율,자기자본비율,당좌비율,비유동자산장기적합률,순운전자본비율,차입금의존도,현금비율,유형자산,무형자산,무형자산상각비,유형자산상각비,감가상각비,총자본영업이익률,총자본순이익률,유보액/납입자본비율,총자본투자효율
080000,에스엔유,2018,Q1,1,-3.383432489491487,-5.147287432892193,,,,11.051511918537614,27.248443473919494,3.649907435252104,0.9750427317021165,3.4903432564320673,0.20834000509600775,0.20834000509600775,72.7515565260805,58.52124833223837,243.28569098101505,63.08302581015132,226.6919727440757,3.6754456932867132,37.497812341977124,9.885120790895439,97.51083817656364,22187129998.0,14001548314.0,,,,3.16408117160929,2.302472049426717,496.97079941120006,0.024671991173101326
080000,에스엔유,2018,H1,1,-7.010899775600842,-8.808587797598213,,,,,26.766630550270058,,1.7269002661615764,1.1197323411087003,0.11174272153317423,0.11174272153317423,73.23336944972993,48.69828801527269,294.79487557652857,67.2502698818759,260.91899848063787,3.544245304125874,42.02435128575733,10.270735365094794,179.8443933126316,21869154314.0,13133514713.0,,,,0.7008315842251016,,,
080000,에스엔유,2018,Q3,1,-10.810933697626623,-13.923048222679238,,,,,33.83661967041322,,1.859849095624601,2.505264141661719,0.1735373001924251,0.1735373001924251,66.16338032958679,27.146071198800815,525.2453952988059,78.64969720035137,486.7842274119345,,50.67271240958572,0.0,292.12039759352814,21610424088.0,10160831003.0,,,,3.2985033342603463,,,
080000,에스엔유,2018,ANNUAL,1,-8.849982875263342,-7.825211911127542,-28.948662038541617,70.9873982269274,85.27198871035023,11.899309472693746,29.685657467605715,9.119842768423363,8.050610477130862,7.168994373517603,0.6050309628529438,0.6050309628529438,70.31434253239429,26.67414764754654,562.4538059567312,78.94270603520167,511.55902805016035,,53.92105933048499,0.0,256.50477896882495,18742931701.0,7556115981.0,,,,8.03558939388639,7.199450667549052,,0.07689398048816215
