stock_code,corp_name,year,quarter,label,총자산증가율,유동자산증가율,매출액증가율,순이익증가율,영업이익증가율,매출액순이익률,매출총이익률,자기자본순이익률,매출채권회전율,재고자산회전율,총자본회전율,유형자산회전율,매출원가율,부채비율,유동비율,자기자본비율,당좌비율,비유동자산장기적합률,순운전자본비율,차입금의존도,현금비율,유형자산,무형자산,무형자산상각비,유형자산상각비,감가상각비,총자본영업이익률,총자본순이익률,유보액/납입자본비율,총자본투자효율
080000,에스엔유,2020,Q1,1,-4.715903359110809,-7.894363300541244,,,,,25.39021540140957,,0.9330611681311801,0.7668944348112976,0.10064530169290622,0.10064530169290622,74.60978459859044,21.884183074790318,367.84089353160766,82.04510009197683,310.45775653219647,,45.70316796864954,0.0,175.18964691435707,18180636769.0,4580486687.0,,,,0.7648483202481066,,,
080000,에스엔유,2020,H1,1,4.181802265254071,-0.20906740831758627,,,,9.148943192322028,24.608241635340615,1.517880533385736,0.9713528154432562,0.7934696103893771,0.12643070981453305,0.12643070981453305,75.3917583646594,31.224245404869823,270.8775139448565,76.20542963799656,218.55889757992685,,39.23510485367728,0.0,104.38111421619816,18000918261.0,4688623855.0,,,,1.9573086517220493,1.156707381858114,,0.01156707381858114
080000,에스엔유,2020,Q3,1,9.35789661247967,4.489881592214084,,,,6.0909802574921965,22.607261637466898,1.065544313014246,1.0360181269830957,0.5426326120092909,0.12835965091457405,0.12835965091457405,77.3927383625331,36.287428220270286,240.67563832987125,73.37433929590199,169.65783203872743,,36.26389855028962,0.0,80.26291023626727,19700475358.0,3161797463.0,,,,1.4783103385777565,0.7818360995792606,,0.007818360995792606
080000,에스엔유,2020,ANNUAL,1,-1.002619350958817,-4.87583449697112,58.284210716536364,-35.65195433253876,-3.1334336859566574,4.879119513598022,16.492404636315513,4.127281723148182,5.196057068233926,13.803620144588011,0.6769973088204918,0.6769973088204918,83.50759536368449,24.94984328263036,328.0464431279896,80.03211318465198,306.5124555735614,,43.3729304667002,0.0,180.2070366689471,20568583610.0,2140547293.0,,,,5.7499194251735,3.3031507801194078,,0.03303150780119408
