stock_code,corp_name,year,quarter,label,총자산증가율,유동자산증가율,매출액증가율,순이익증가율,영업이익증가율,매출액순이익률,매출총이익률,자기자본순이익률,매출채권회전율,재고자산회전율,총자본회전율,유형자산회전율,매출원가율,부채비율,유동비율,자기자본비율,당좌비율,비유동자산장기적합률,순운전자본비율,차입금의존도,현금비율,유형자산,무형자산,무형자산상각비,유형자산상각비,감가상각비,총자본영업이익률,총자본순이익률,유보액/납입자본비율,총자본투자효율
080000,에스엔유,2015,Q1,1,,,,,,,,,,,,,,,,,,,,,,,,,,,,,,
080000,에스엔유,2015,H1,1,,,,,,,,,,,,,,,,,,,,,,,,,,,,,,
080000,에스엔유,2015,Q3,1,,,,,,,,,,,,,,,,,,,,,,,,,,,,,,
080000,에스엔유,2015,ANNUAL,1,-0.47657394584656504,5.251227658360256,-15.988699447256563,-114.00791373481248,-124.98172174249449,2.5910302633125046,26.842889340371816,2.602546368454293,1.2315111622383883,22.4702320073751,0.5529126983347765,0.5529126983347765,73.15711065962819,81.6642315630289,126.70808924821098,55.046609417608295,122.38450434547141,47.87228238,11.119989557204732,31.698938257665578,10.596947054637203,31345974296.0,17431096700.0,,,,2.069913394506456,1.4326135343551836,602.1994657197235,0.03196578788610259
