stock_code,corp_name,year,quarter,label,총자산증가율,유동자산증가율,매출액증가율,순이익증가율,영업이익증가율,매출액순이익률,매출총이익률,자기자본순이익률,매출채권회전율,재고자산회전율,총자본회전율,유형자산회전율,매출원가율,부채비율,유동비율,자기자본비율,당좌비율,비유동자산장기적합률,순운전자본비율,차입금의존도,현금비율,유형자산,무형자산,무형자산상각비,유형자산상각비,감가상각비,총자본영업이익률,총자본순이익률,유보액/납입자본비율,총자본투자효율
111870,KH미래물산,2019,Q1,1,13.878229926483638,-6.43577480131093,,,,-5.848441653884061,23.72273117774378,-0.4343173985782196,0.8912326364207396,0.7799741502714185,0.049218761088530016,0.049218761088530016,76.27726882225623,50.88163728057222,197.56941611841907,66.27711748252362,181.92384908832443,,30.017049461594752,0.8335004066187439,107.74850246717054,6108717789.0,1637667376.0,,,,-0.8675988713019854,-0.28785305250272697,258.421272011991,-0.0028785305250272697
111870,KH미래물산,2019,H1,1,18.16985173661902,-4.326693167604878,,,,,19.191620728640054,,0.9793384925520031,0.9340215770989934,0.06445520055146821,0.06445520055146821,80.80837927135994,50.49489906626514,193.57756171942353,66.44743484360124,175.55471128975796,,28.953808507117245,0.3060180883612663,68.12505784844632,6416131679.0,1624524845.0,,,,-0.21654229652535195,,259.58782844740324,
111870,KH미래물산,2019,Q3,1,33.321525575021546,-28.4263135665239,,,,21.220414178086415,21.570680634764198,2.478228126133831,1.0599157703455584,1.3558373713926462,0.07327589270400332,0.07327589270400332,78.42931936523581,59.377242084095,113.85966052556829,62.74421535493458,101.70777014933185,,4.834379211019862,10.682632926653401,25.048286847028173,6298260253.0,1657642289.0,,,,0.11457067014042409,1.554944792447971,262.89398965978825,0.015549447924479709
111870,KH미래물산,2019,ANNUAL,1,43.671766740468826,-49.037120889994,-9.416723450065213,-829.223280412976,-434.3945281254919,-52.52075363652684,21.745381956005865,-14.454325262481643,5.705007602310135,4.432187981481442,0.19445715284787976,0.19445715284787976,78.25461804399414,41.52818960531462,98.73788702906971,70.65730175654336,85.81938553714792,,-0.3354299344760977,10.762896136014147,31.915966137530365,5716434842.0,1441871605.0,,,,-1.3740252372733277,-10.213036217583934,168.31980693530394,-0.10213036217583935
