stock_code,corp_name,year,quarter,label,총자산증가율,유동자산증가율,매출액증가율,순이익증가율,영업이익증가율,매출액순이익률,매출총이익률,자기자본순이익률,매출채권회전율,재고자산회전율,총자본회전율,유형자산회전율,매출원가율,부채비율,유동비율,자기자본비율,당좌비율,비유동자산장기적합률,순운전자본비율,차입금의존도,현금비율,유형자산,무형자산,무형자산상각비,유형자산상각비,감가상각비,총자본영업이익률,총자본순이익률,유보액/납입자본비율,총자본투자효율
111870,KH미래물산,2021,Q1,1,14.929710056782108,-0.3346578905252613,,,,,40.711837723756375,,1.5115830260351264,0.6624692707155075,0.02497696602191212,0.02497696602191212,59.288162276243625,59.10098369940566,79.05416196893556,62.853162610818956,72.72344086033668,,-7.395822735024781,6.433905416412228,11.319111039339003,5280948622.0,11668656057.0,,,,-0.8836589348111816,,6.773452491185283,
111870,KH미래물산,2021,H1,1,11.854301631776465,-28.25262738577896,,,,,22.502573935248385,,1.1164668075497384,0.6965104537108608,0.021248817105216086,0.021248817105216086,77.49742606475162,57.28620781957603,59.628319596262955,63.57836544365709,52.800343117874114,,-13.979099886187365,7.7655797655117595,13.50046715627099,5159492128.0,11718435554.0,,,,-0.6343848720204498,,-16.87813996711518,
111870,KH미래물산,2021,Q3,1,4.719633207267068,-27.361604580088034,,,,,-5.725425951435659,,0.9810330851751106,0.5984875161542712,0.018340822826685893,0.018340822826685893,105.72542595143565,56.36371484588676,65.14132991769893,63.95345627248671,55.68853983800008,,-11.947965604787322,8.296897421124086,13.407280423229315,5055248486.0,11702660502.0,,,,-1.1271537120189694,,-40.29909304586574,
111870,KH미래물산,2021,ANNUAL,1,15.98909204027452,-18.977428873259473,14.293699989065864,-64.09460204424772,-89.01275846789851,-102.65069139542496,31.184770445021538,-16.57876988756971,2.650286222615535,4.551341974579486,0.11199652093066591,0.11199652093066591,68.81522955497846,44.20685080577568,74.80803658354195,69.34483309304392,69.17415946716078,,-7.571889602139537,7.009823813782308,10.11623870666513,5070501285.0,11633871682.0,,,,-0.7317937424374363,-11.496520307415038,-36.77363851201593,-0.11496520307415038
