stock_code,corp_name,year,quarter,label,총자산증가율,유동자산증가율,매출액증가율,순이익증가율,영업이익증가율,매출액순이익률,매출총이익률,자기자본순이익률,매출채권회전율,재고자산회전율,총자본회전율,유형자산회전율,매출원가율,부채비율,유동비율,자기자본비율,당좌비율,비유동자산장기적합률,순운전자본비율,차입금의존도,현금비율,유형자산,무형자산,무형자산상각비,유형자산상각비,감가상각비,총자본영업이익률,총자본순이익률,유보액/납입자본비율,총자본투자효율
111870,KH미래물산,2025,Q1,1,-21.925320431030666,-27.451491329914333,,,,-676.3974919323574,30.77327892826192,-25.60293079767679,0.9452255364214125,0.5027688744077152,0.03181698361738934,0.03181698361738934,69.22672107173808,118.96759699796048,479.5005083888681,84.05650153773749,448.51090808288075,,53.64889358137014,1.3060457477159024,8.563407530368561,7043445549.0,76081173.0,,,,-1.2717691382319687,-21.520927919655055,-5893.404226601942,-0.21520927919655056
111870,KH미래물산,2025,H1,1,5.803097105158866,-33.64811138649192,,,,1146.237483343542,12.923579956549137,25.63681102182193,0.7110249415884019,263.520619414525,0.02038384007164538,0.02038384007164538,87.07642004345087,109.7244449195972,516.8428454041439,91.13739429101419,516.7667503612939,,36.89673628029081,5.625019182325358,4.717457161485371,7024712289.0,74857644.0,,,,-0.6454298731908426,23.36472154460004,-3478.564582489321,0.23364721544600042
111870,KH미래물산,2025,Q3,1,6.814090330965396,-36.66324219439381,,,,-101.81152186524034,18.46077612868274,-0.5224509246584227,0.6044652378075837,,0.004613204662147446,0.004613204662147446,81.53922387131726,111.23612478545756,431.87900530551974,89.8988527269097,431.87900530551974,,33.240241479321206,6.601565775764915,3.9110803698239898,7018131526.0,3074449801.0,,,,-0.44418413527131256,-0.46967738732905334,-3491.7315873007083,-0.004696773873290533
111870,KH미래물산,2025,ANNUAL,1,,,,,,,,,,,,,,,,,,,,,,,,,,,,,,
