stock_code,corp_name,year,quarter,label,총자산증가율,유동자산증가율,매출액증가율,순이익증가율,영업이익증가율,매출액순이익률,매출총이익률,자기자본순이익률,매출채권회전율,재고자산회전율,총자본회전율,유형자산회전율,매출원가율,부채비율,유동비율,자기자본비율,당좌비율,비유동자산장기적합률,순운전자본비율,차입금의존도,현금비율,유형자산,무형자산,무형자산상각비,유형자산상각비,감가상각비,총자본영업이익률,총자본순이익률,유보액/납입자본비율,총자본투자효율
111870,KH미래물산,2020,Q1,1,-13.9164862938479,-26.538741945387056,,,,-538.055881652437,21.215145932444475,-13.103832467211765,0.9942651360015629,0.36909038227702734,0.017730369590953872,0.017730369590953872,78.78485406755553,37.357747473640465,85.31392916895719,72.80259165518889,70.89536726130291,,-3.8548853586361176,9.226047305098767,12.829148237214794,5788062389.0,1455146143.0,,,,-1.1982078882586038,-9.539929642284244,128.58237554500988,-0.09539929642284245
111870,KH미래물산,2020,H1,1,-19.976891948282145,-29.53557233157068,,,,,5.826938842880751,,1.2143826855579607,0.36926116501431805,0.016133741424890984,0.016133741424890984,94.17306115711925,35.63739455540122,91.26765044468213,73.72598119256479,75.01578999166966,,-2.210834188546001,7.0247592941483,21.499910765678123,5676207712.0,1452525933.0,,,,-1.0949630904922645,,101.6206763035105,
111870,KH미래물산,2020,Q3,1,-8.541528271908414,6.6467984880752145,,,,,53.50596526060036,,1.604653220908105,0.6189612980158425,0.043600317790134194,0.043600317790134194,46.49403473939964,43.63094052382628,109.24857813778158,69.62288183541585,97.5555258885104,,2.5904217369516243,5.824490599186302,39.3938707322215,5550967669.0,14842364862.0,,,,-2.0826223893758398,,61.25502297066352,
111870,KH미래물산,2020,ANNUAL,1,-18.697636015453412,-0.2719337856596605,-52.47975847445262,195.64607422074698,357.11516820048064,-326.7566436800706,27.107794223772647,-49.285534135324,5.28396453591754,3.2967073358959573,0.11365783744563601,0.11365783744563601,72.89220577622734,32.707556458636894,143.78404330434856,75.353659330747,132.55845429502563,,9.801822042674976,4.822063600517871,29.14019864685169,5336770355.0,11710824333.0,,,,-7.725332286368515,-37.13845349167107,17.1052479892501,-0.37138453491671075
