stock_code,corp_name,year,quarter,label,총자산증가율,유동자산증가율,매출액증가율,순이익증가율,영업이익증가율,매출액순이익률,매출총이익률,자기자본순이익률,매출채권회전율,재고자산회전율,총자본회전율,유형자산회전율,매출원가율,부채비율,유동비율,자기자본비율,당좌비율,비유동자산장기적합률,순운전자본비율,차입금의존도,현금비율,유형자산,무형자산,무형자산상각비,유형자산상각비,감가상각비,총자본영업이익률,총자본순이익률,유보액/납입자본비율,총자본투자효율
151910,퓨처코어,2025,Q1,1,-5.065799510656553,-8.822303605848324,,,,-1.9656063501052146,21.557270370539637,-1.1654922689910894,1.273028010398635,1.2509084672685344,0.2338431820338294,0.2338431820338294,78.44272962946036,253.56431778950466,99.34333653471268,39.43772565153058,72.49938987953024,13.276593085738266,-0.3587140312625126,22.98076648523416,13.729507844904207,13051568666.0,132143941.0,,,,2.336685982899397,-0.4596436435345047,30.0004043947158,-0.004596436435345047
151910,퓨처코어,2025,H1,1,-16.989444153435173,-28.752144359204678,,,,-7.649255362879124,19.64748844905389,-4.51664352323008,2.2276223791285905,1.366798190907527,0.2707139967703231,0.2707139967703231,80.35251155094612,218.11520654115975,101.537095025587,45.84733067711598,68.21642733713887,240.44011319522048,0.7341635067409134,22.125583200888933,25.099063499206935,12767053421.0,130024274.0,,,,1.8068537891143068,-2.070760491601836,-168.45182023973035,-0.02070760491601836
151910,퓨처코어,2025,Q3,1,-6.234164775206067,-9.84418271342603,,,,10.53615201597164,19.79255522082904,5.923732295556916,2.0463879465488906,1.2029818221112694,0.23055950171011383,0.23055950171011383,80.20744477917096,243.85427345352522,101.8909046136081,41.00809823169181,73.0607748935236,14.245889096647133,1.008234759489212,30.35305674181337,33.90264091417849,12847620834.0,128886773.0,,,,1.429480115382471,2.4292099587444325,-159.27790496368524,0.024292099587444327
151910,퓨처코어,2025,ANNUAL,1,,,,,,,,,,,,,,,,,,,,,,,,,,,,,,
