stock_code,corp_name,year,quarter,label,총자산증가율,유동자산증가율,매출액증가율,순이익증가율,영업이익증가율,매출액순이익률,매출총이익률,자기자본순이익률,매출채권회전율,재고자산회전율,총자본회전율,유형자산회전율,매출원가율,부채비율,유동비율,자기자본비율,당좌비율,비유동자산장기적합률,순운전자본비율,차입금의존도,현금비율,유형자산,무형자산,무형자산상각비,유형자산상각비,감가상각비,총자본영업이익률,총자본순이익률,유보액/납입자본비율,총자본투자효율
151910,퓨처코어,2023,Q1,1,0.9509534721902713,0.14290121780410003,,,,,16.798885261471312,,1.4797649580683576,1.5222802996594844,0.13149231139420275,0.13149231139420275,83.20111473852869,137.76254222577316,99.12009839693343,42.05876967156693,86.31642970610017,,-0.49389491942193237,12.29634133728292,55.45616732396118,19559443520.0,145804621.0,,,,-0.07228323382664144,,,
151910,퓨처코어,2023,H1,1,-0.14130525286516887,16.545920601101834,,,,,0.20260074057645958,,1.5850868856467384,1.4868675913869769,0.09517644384532951,0.09517644384532951,99.79739925942354,147.04165961161283,113.12097825041218,40.479002673968125,102.08131229986321,,7.592532951073042,12.682275238303683,56.05183846347768,18195125202.0,143799892.0,,,,-2.2564400977313985,,,
151910,퓨처코어,2023,Q3,1,2.19321028961759,16.917482565936222,,,,,15.251998814848475,,1.3755487856143105,1.8590906212296057,0.11815953439364901,0.11815953439364901,84.74800118515152,263.11636257092374,110.24166773016424,38.00599819140656,100.98758013852446,,5.961214526710649,0.0,49.62703400976667,17945666584.0,141509578.0,,,,-0.5055345227962322,,94.86443415152806,
151910,퓨처코어,2023,ANNUAL,1,-9.59669186534432,-1.0133702436362282,-4.9975609469742235,-51.83350888298367,-210.69812294860938,-15.86432840138472,11.819582068541825,-21.52104379011156,6.551993753152674,6.5679220320998875,0.5470305296918897,0.5470305296918897,88.18041793145818,247.98766238187818,111.07566696366872,40.32458673125811,97.79163189200271,16.340928485473572,6.123441934335054,12.156468448805732,41.84359751937136,16407008365.0,138873237.0,,,,-3.2735439165920597,-8.678271968615574,72.49047447537079,-0.08678271968615574
