stock_code,corp_name,year,quarter,label,총자산증가율,유동자산증가율,매출액증가율,순이익증가율,영업이익증가율,매출액순이익률,매출총이익률,자기자본순이익률,매출채권회전율,재고자산회전율,총자본회전율,유형자산회전율,매출원가율,부채비율,유동비율,자기자본비율,당좌비율,비유동자산장기적합률,순운전자본비율,차입금의존도,현금비율,유형자산,무형자산,무형자산상각비,유형자산상각비,감가상각비,총자본영업이익률,총자본순이익률,유보액/납입자본비율,총자본투자효율
151910,퓨처코어,2015,Q1,1,,,,,,,,,,,,,,,,,,,,,,,,,,,,,,
151910,퓨처코어,2015,H1,1,,,,,,,,,,,,,,,,,,,,,,,,,,,,,,
151910,퓨처코어,2015,Q3,1,,,,,,,,,,,,,,,,,,,,,,,,,,,,,,
151910,퓨처코어,2015,ANNUAL,1,0.6809340330742591,-7.04893579411074,-3.5176499862497574,-6185.885986241037,-260.25076810668776,-30.054937699095554,1.5928553557710803,-80.23294259157228,3.926020441767365,1.4871824784758472,0.4579660897014644,0.4579660897014644,98.40714464422892,482.9127662022115,247.7180072348136,17.155225584013056,96.88462484053025,,29.67779717084379,51.39293795781068,12.367628403009297,91397275742.0,3024141451.0,,,,-5.335564557364028,-13.764142294275919,426.6908135363481,-0.1376414229427592
