stock_code,corp_name,year,quarter,label,총자산증가율,유동자산증가율,매출액증가율,순이익증가율,영업이익증가율,매출액순이익률,매출총이익률,자기자본순이익률,매출채권회전율,재고자산회전율,총자본회전율,유형자산회전율,매출원가율,부채비율,유동비율,자기자본비율,당좌비율,비유동자산장기적합률,순운전자본비율,차입금의존도,현금비율,유형자산,무형자산,무형자산상각비,유형자산상각비,감가상각비,총자본영업이익률,총자본순이익률,유보액/납입자본비율,총자본투자효율
151910,퓨처코어,2022,Q1,1,2.763054681908032,-11.290468946481958,,,,,18.698169142332066,,1.279147242174524,1.5937574049460423,0.13174047981025142,0.13174047981025142,81.30183085766794,128.84395898422864,103.01561333979403,43.69789809784393,90.61997364081424,54.96178528575305,1.6349484447545612,14.662463597640246,44.45885353623446,23997698187.0,152716380.0,1982438.0,,1982438.0,1.147425846365697,,-552.5992662576726,
151910,퓨처코어,2022,H1,1,-3.0580192829405366,-17.686544451326274,,,,,15.82778929299058,,2.116210328600196,1.3753705549844146,0.12586742828842729,0.12586742828842729,84.17221070700943,171.84171427442138,96.82271706973569,36.78611292858868,83.24638319840037,146.97021680778266,-1.8027510200935546,15.181731577670131,52.270424492620535,24440990395.0,152096803.0,4032331.0,,4032331.0,-0.05516126524400326,,-604.7059006893296,
151910,퓨처코어,2022,Q3,1,8.03810732422473,-3.650319529247694,,,,,17.7800151697636,,2.6322584581910733,1.3386971201367348,0.09728095337745916,0.09728095337745916,82.2199848302364,143.04472853803753,107.35766148885595,41.14468995167017,96.24074273694788,,3.9543786498988798,12.03962640229351,61.98584553596703,26240643212.0,152258641.0,6172164.0,3031757548.0,3037929712.0,0.04280509310001632,,-598.3511951040398,
151910,퓨처코어,2022,ANNUAL,1,-9.870472390740245,-21.869366822003922,-1.2244963772924413,-42.16587621452991,-191.0248764745715,-31.290423219915418,18.902701820631375,-41.48351327589823,8.379327518390683,5.508662116919558,0.5205484198905391,0.5205484198905391,81.09729817936862,154.68476126076484,95.22391812110448,39.26422590223712,82.21278860623796,,-2.813054502964689,11.78831763887108,56.677523208470106,19220257784.0,146983158.0,,,,2.6733894984053768,-16.288180364833206,99.80780327706263,-0.16288180364833207
