stock_code,corp_name,year,quarter,label,총자산증가율,유동자산증가율,매출액증가율,순이익증가율,영업이익증가율,매출액순이익률,매출총이익률,자기자본순이익률,매출채권회전율,재고자산회전율,총자본회전율,유형자산회전율,매출원가율,부채비율,유동비율,자기자본비율,당좌비율,비유동자산장기적합률,순운전자본비율,차입금의존도,현금비율,유형자산,무형자산,무형자산상각비,유형자산상각비,감가상각비,총자본영업이익률,총자본순이익률,유보액/납입자본비율,총자본투자효율
290380,대유,2018,Q1,1,,,,,,,,,,,,,,,,,,,,,,,,,,,,,,
290380,대유,2018,H1,1,,,,,,,,,,,,,,,,,,,,,,,,,,,,,,
290380,대유,2018,Q3,1,101.68497673215585,162.02297997415286,,,,13.929576882629876,63.16186502040673,1.6610876284289373,0.31592982768632805,0.6273021977048883,0.10195870803869331,0.10195870803869331,36.83813497959328,16.95809750645003,908.6707974075046,85.5007067761898,841.1392539068574,,71.69852703414165,0.0,51.79478293699725,11117333150.0,50692244.0,19183328.0,132319472.0,151502800.0,1.5346132895898847,1.4202416624785912,1148.3076843268084,0.014202416624785911
290380,대유,2018,ANNUAL,1,86.8611808745705,140.2000996107391,5.005797983261359,10.980572825772022,2.4545359721945,21.07452678482937,63.90155054010579,9.95192433365375,13.805734375779464,1.3746689348708616,0.42317680747359837,0.42317680747359837,36.09844945989421,11.590539154214971,2209.585052081602,89.61333170171606,1901.5574009209734,,76.10612721174337,0.3443868860022591,677.176758149442,11108736662.0,44111440.0,,,,10.367370398144063,8.918250963820931,1108.2354578896204,0.08918250963820931
