stock_code,corp_name,year,quarter,label,총자산증가율,유동자산증가율,매출액증가율,순이익증가율,영업이익증가율,매출액순이익률,매출총이익률,자기자본순이익률,매출채권회전율,재고자산회전율,총자본회전율,유형자산회전율,매출원가율,부채비율,유동비율,자기자본비율,당좌비율,비유동자산장기적합률,순운전자본비율,차입금의존도,현금비율,유형자산,무형자산,무형자산상각비,유형자산상각비,감가상각비,총자본영업이익률,총자본순이익률,유보액/납입자본비율,총자본투자효율
290380,대유,2019,Q1,1,7.989846023087711,8.753950187845474,,,,27.87436694999966,60.13254820660622,4.857868771374162,0.8288873827635858,0.7005336721319346,0.14703169464764448,0.14703169464764448,39.86745179339378,18.530414453668918,857.0109060995213,84.36653196643292,767.6821370972007,,70.91060857073263,0.27094358130327234,27.729962745867038,11178096595.0,37530637.0,,,,5.090121620154985,4.098415409888744,1130.6556331359639,0.04098415409888744
290380,대유,2019,H1,1,11.738783075779489,11.508312419243373,,,,28.862482960803455,65.45358207848004,4.4047378270689155,0.47750138885348536,0.6045926174772811,0.13016648807203582,0.13016648807203582,34.546417921519954,17.243071345182585,980.5591782086657,85.29288669484255,888.8787639293762,,71.43669460456199,0.0,48.76923221035946,11505847669.0,30949834.0,,,,4.343988333072963,3.75692804404676,1193.655253700676,0.037569280440467596
290380,대유,2019,Q3,1,14.813084657143492,10.973824058018042,,,,18.992713991262235,62.21405532285769,2.286702157832038,0.3280325384174266,0.5577106787606599,0.10216531265170292,0.10216531265170292,37.78594467714231,17.847155649001746,917.770268424656,84.85567551400386,835.3191968997944,,68.65304514871006,0.0,38.01322013261464,13335453614.0,24369031.0,,,,1.8996586962703046,1.9403965630216786,1225.4733990102072,0.019403965630216787
290380,대유,2019,ANNUAL,1,6.514263028587128,1.2872724370002844,3.242211996868006,-18.90302574509097,-24.27395352578914,16.5540850302156,62.3186070415713,7.761975271114101,13.764933233595803,1.4890467018584894,0.4101770826468682,0.4101770826468682,37.6813929584287,14.313015497553797,1820.3396946205378,87.47910250179685,1571.0742680640512,,71.63779114869638,0.19657541155214145,228.1088482067771,13315624095.0,17788228.0,26323212.0,197472797.0,223796009.0,7.370655818878542,6.790106303582029,1161.727144447881,0.06790106303582029
