stock_code,corp_name,year,quarter,label,총자산증가율,유동자산증가율,매출액증가율,순이익증가율,영업이익증가율,매출액순이익률,매출총이익률,자기자본순이익률,매출채권회전율,재고자산회전율,총자본회전율,유형자산회전율,매출원가율,부채비율,유동비율,자기자본비율,당좌비율,비유동자산장기적합률,순운전자본비율,차입금의존도,현금비율,유형자산,무형자산,무형자산상각비,유형자산상각비,감가상각비,총자본영업이익률,총자본순이익률,유보액/납입자본비율,총자본투자효율
290380,대유,2025,Q1,1,2.6852555464113843,8.567800680855122,,,,16.256094350460405,49.56634606199888,2.115253024912695,0.8140814629456082,0.45772547104307026,0.10454696503119584,0.10454696503119584,50.43365393800112,124.46140051928623,190.17240058200207,80.34619535275456,126.7450743403536,,16.37661016926073,13.768513534510628,55.14306082693652,36818776411.0,75920997.0,,,,1.496315717294505,1.6995253276014044,488.4337995676229,0.016995253276014043
290380,대유,2025,H1,1,5.472160132281714,20.746738146778235,,,,20.561862049820657,54.128958372053035,3.006920789315495,0.5658500632467928,0.5451229434677031,0.11748180885063673,0.11748180885063673,45.871041627946965,124.47694525909914,210.282245867248,80.33616168186782,154.6950342787469,,19.613065475305273,13.404706313137515,36.76449718320223,36322138837.0,67412997.0,,,,3.291121211169959,2.4156447469501923,507.74291101600204,0.02415644746950192
290380,대유,2025,Q3,1,8.0887200504365,29.992124795665255,,,,18.361370572981116,49.39317523049065,2.1464565942801705,0.3920812960319731,0.5350083861935733,0.09363455866913899,0.09363455866913899,50.60682476950935,124.84778653592336,218.16899140646018,80.09753538660156,168.9836028524091,,21.27904287495449,13.080211608812906,34.3447070536447,35819298292.0,58904997.0,,,,1.4709863489477166,1.7192588301616025,521.7819840499236,0.017192588301616026
290380,대유,2025,ANNUAL,1,,,,,,,,,,,,,,,,,,,,,,,,,,,,,,
