stock_code,corp_name,year,quarter,label,총자산증가율,유동자산증가율,매출액증가율,순이익증가율,영업이익증가율,매출액순이익률,매출총이익률,자기자본순이익률,매출채권회전율,재고자산회전율,총자본회전율,유형자산회전율,매출원가율,부채비율,유동비율,자기자본비율,당좌비율,비유동자산장기적합률,순운전자본비율,차입금의존도,현금비율,유형자산,무형자산,무형자산상각비,유형자산상각비,감가상각비,총자본영업이익률,총자본순이익률,유보액/납입자본비율,총자본투자효율
024810,이화전기,2015,Q1,1,,,,,,,,,,,,,,,,,,,,,,,,,,,,,,
024810,이화전기,2015,H1,1,,,,,,,,,,,,,,,,,,,,,,,,,,,,,,
024810,이화전기,2015,Q3,1,,,,,,,,,,,,,,,,,,,,,,,,,,,,,,
024810,이화전기,2015,ANNUAL,1,-28.230353205643137,-17.72354394368451,-13.077604993563574,-95.1210304475442,-116.80734630309438,-4.410009613906667,18.10005370012478,-3.630637573469406,3.9789595214353946,2.5388034785666385,0.5025082273557561,0.5025082273557561,81.89994629987523,63.83254773015945,97.82004999755236,61.037932563134575,53.823681381445056,,-0.8032068618459111,25.97013495890412,9.950845046431409,32093401738.0,413378673.0,,,,1.6123213039018176,-2.2160661137060815,-8.263758723686996,-0.022160661137060816
