stock_code,corp_name,year,quarter,label,총자산증가율,유동자산증가율,매출액증가율,순이익증가율,영업이익증가율,매출액순이익률,매출총이익률,자기자본순이익률,매출채권회전율,재고자산회전율,총자본회전율,유형자산회전율,매출원가율,부채비율,유동비율,자기자본비율,당좌비율,비유동자산장기적합률,순운전자본비율,차입금의존도,현금비율,유형자산,무형자산,무형자산상각비,유형자산상각비,감가상각비,총자본영업이익률,총자본순이익률,유보액/납입자본비율,총자본투자효율
024810,이화전기,2025,Q1,1,-5.41588928740884,-12.871321236600625,,,,0.1993085240719335,16.248189236621155,0.007492604884570349,0.7871990646281725,0.2828749032055138,0.03231829509976121,0.03231829509976121,83.75181076337884,116.32110410413927,268.5879137943075,85.96892263889842,179.4766077219457,,18.102637580505398,4.192944535849058,4.8221820969489375,26844637186.0,2941280325.0,,,,-0.3047674799704881,0.006441311696854608,-209.97634177129396,6.441311696854608e-05
024810,이화전기,2025,H1,1,-3.7426581918825934,-11.180917348371386,,,,28.244254273943376,26.739453814653096,2.505772732669455,1.0317328288439356,0.8415810320187469,0.07633150335769173,0.07633150335769173,73.2605461853469,116.2271933009293,272.5583912436518,86.0383849596069,209.8672429416215,,18.289755000457394,4.639706113345977,8.46697691333175,27076731548.0,2998685041.0,,,,1.1423058439221696,2.1559263899470076,-195.9396592461136,0.021559263899470077
024810,이화전기,2025,Q3,1,-4.004220234319435,-38.698790876568026,,,,-28.104839556276985,-13.46581302550386,-2.136440449408679,1.3213402584046428,0.9567220347539044,0.06504100974660398,0.06504100974660398,113.46581302550385,116.87521064029566,181.49399006406549,85.5613431215691,111.46901974573686,,8.977164355368512,3.9079723483534448,9.91425447008736,26699273295.0,3014942501.0,,,,-1.7344982692042341,-1.8279671435065525,-202.56043692092868,-0.018279671435065526
024810,이화전기,2025,ANNUAL,1,,,,,,,,,,,,,,,,,,,,,,,,,,,,,,
