stock_code,corp_name,year,quarter,label,총자산증가율,유동자산증가율,매출액증가율,순이익증가율,영업이익증가율,매출액순이익률,매출총이익률,자기자본순이익률,매출채권회전율,재고자산회전율,총자본회전율,유형자산회전율,매출원가율,부채비율,유동비율,자기자본비율,당좌비율,비유동자산장기적합률,순운전자본비율,차입금의존도,현금비율,유형자산,무형자산,무형자산상각비,유형자산상각비,감가상각비,총자본영업이익률,총자본순이익률,유보액/납입자본비율,총자본투자효율
024810,이화전기,2017,Q1,1,-1.4388584333910848,9.60834349474055,,,,,26.528157628698512,,1.3473537685914434,0.4910551872935193,0.10474402736410665,0.10474402736410665,73.47184237130149,35.900225403798316,169.07239983249892,73.58339524667564,105.39885740142853,,17.000646170451905,0.0,30.830848930761363,30688006294.0,329132835.0,,,,0.35890457132256054,,-6.100258800881263,
024810,이화전기,2017,H1,1,22.300591405075615,73.6439312745314,,,,11.969071191782007,31.329320213840628,1.6637678104282947,2.27150142817823,1.2237122423522633,0.12690490778399277,0.12690490778399277,68.67067978615937,9.53523631789471,686.8916459449356,91.29482289131015,594.8187230063367,,45.39379131524934,0.0,321.12689669090275,30349508250.0,323842676.0,,,,1.9060159239133427,1.51893387585314,-2.409701107690187,0.015189338758531401
024810,이화전기,2017,Q3,1,24.373150417424927,79.52365525503654,,,,-7.864931206003021,17.684408509047024,-0.6535247161521429,2.5757676287397766,0.40838609343989835,0.07408513627534638,0.07408513627534638,82.31559149095298,12.159484572556718,549.766950939443,89.15875494712115,397.77166694042853,,44.18752424150921,1.7471446920402125,176.73600415471878,30172510028.0,334880685.0,,,,-0.7821205511643092,-0.5826745001929583,-4.336582280839794,-0.005826745001929583
024810,이화전기,2017,ANNUAL,1,22.77450700050941,115.34438011449267,3.5746714447006487,-229.89875273939958,-45.909363465717604,11.9077368839804,20.036901228014905,5.415312432472049,12.642470848466592,2.794708982252953,0.4192979436126227,0.4192979436126227,79.9630987719851,8.460488389509738,929.4286006416586,92.19947419089067,759.5374587117504,,58.57118744282337,1.7698942141402476,158.12860968391706,21414238597.0,276871820.0,,,,0.4079997646494496,4.992889588533162,1.4494969004190452,0.049928895885331614
