stock_code,corp_name,year,quarter,label,총자산증가율,유동자산증가율,매출액증가율,순이익증가율,영업이익증가율,매출액순이익률,매출총이익률,자기자본순이익률,매출채권회전율,재고자산회전율,총자본회전율,유형자산회전율,매출원가율,부채비율,유동비율,자기자본비율,당좌비율,비유동자산장기적합률,순운전자본비율,차입금의존도,현금비율,유형자산,무형자산,무형자산상각비,유형자산상각비,감가상각비,총자본영업이익률,총자본순이익률,유보액/납입자본비율,총자본투자효율
029960,코엔텍,2015,Q1,1,,,,,,,,,,,,,,,,,,,,,,,,,,,,,,
029960,코엔텍,2015,H1,1,,,,,,,,,,,,,,,,,,,,,,,,,,,,,,
029960,코엔텍,2015,Q3,1,,,,,,,,,,,,,,,,,,,,,,,,,,,,,,
029960,코엔텍,2015,ANNUAL,1,24.93436763629571,-7.132633809441039,1.684727726964984,-15.204048026511478,-11.622498608742216,19.733060064704013,34.4980708741858,8.585160508372526,6.3465175778978455,423.47719836466615,0.3239886793717018,0.3239886793717018,65.5019291258142,34.283961772660504,220.76987423220208,74.46905697442676,220.23716408361474,6.896041259066667,11.361130244638142,11.48943453249933,42.06467675457415,92475220017.0,399329250.0,2556000.0,4036568008.0,4039124008.0,7.255469725055655,6.393288070325923,283.741000772,0.06393288070325923
