stock_code,corp_name,year,quarter,label,총자산증가율,유동자산증가율,매출액증가율,순이익증가율,영업이익증가율,매출액순이익률,매출총이익률,자기자본순이익률,매출채권회전율,재고자산회전율,총자본회전율,유형자산회전율,매출원가율,부채비율,유동비율,자기자본비율,당좌비율,비유동자산장기적합률,순운전자본비율,차입금의존도,현금비율,유형자산,무형자산,무형자산상각비,유형자산상각비,감가상각비,총자본영업이익률,총자본순이익률,유보액/납입자본비율,총자본투자효율
029960,코엔텍,2021,Q1,1,3.3991801665096384,2.6708529263735117,,,,40.84002779031919,57.63466532446295,5.387023165703813,2.181730961121283,143.3843991730806,0.08874345027390397,0.08874345027390397,42.36533467553704,48.63685395259589,246.776027678963,67.27806552733723,246.6505736941035,24.964029719128632,30.677200141748816,1.9396752862682338,46.22557368214665,86143459378.0,431714430.0,,,,4.516282834169216,3.6242849753950472,427.577525776,0.03624284975395047
029960,코엔텍,2021,H1,1,-7.273142201470052,-21.718706299223463,,,,,45.61611982831801,,2.3459194219589623,131.75578403497857,0.09139492989075598,0.09139492989075598,54.38388017168199,28.372734103896875,469.24294222576793,77.89816170703838,468.8392648421838,25.959505580703638,34.50645854604694,2.162920637569096,35.11230408458232,89667849401.0,751064480.0,,,,3.603923560730013,,448.004251224,
029960,코엔텍,2021,Q3,1,-4.9160641035256,-18.07100792661168,,,,33.81274731138916,48.51826678481932,4.383391341896673,2.3138369832741073,159.0561116899413,0.10299640165497999,0.10299640165497999,51.48173321518068,25.865798204392814,511.73909336606613,79.44970073411884,511.3579314513334,26.19002215664621,36.011188461734584,2.109303033140552,137.70968285089296,90593337524.0,751064480.0,,,,4.405137782417716,3.4825913031421822,473.36113820800006,0.034825913031421823
029960,코엔텍,2021,ANNUAL,1,1.4168497985257573,-8.378577091398684,4.6095065117270195,,17.81675878667586,,55.71198361333632,,7.057938717876975,416.14814036398684,0.38163734978214064,0.38163734978214064,44.28801638666367,24.88184291744,539.3062853448358,80.07569208128238,538.8395139603455,26.837356777740737,38.225426121575005,1.9775888798341548,433.10184646761087,93548041784.0,751064480.0,,,,18.833684277332026,,516.7510777480001,
