stock_code,corp_name,year,quarter,label,총자산증가율,유동자산증가율,매출액증가율,순이익증가율,영업이익증가율,매출액순이익률,매출총이익률,자기자본순이익률,매출채권회전율,재고자산회전율,총자본회전율,유형자산회전율,매출원가율,부채비율,유동비율,자기자본비율,당좌비율,비유동자산장기적합률,순운전자본비율,차입금의존도,현금비율,유형자산,무형자산,무형자산상각비,유형자산상각비,감가상각비,총자본영업이익률,총자본순이익률,유보액/납입자본비율,총자본투자효율
029960,코엔텍,2022,Q1,1,5.078502938363203,10.016222168836334,,,,46.360928327365706,63.17568837026355,6.62306744936409,2.0675503570593055,117.71955618416708,0.10538746363646502,0.10538746363646502,36.82431162973646,35.555799196447204,303.51901204081804,73.77035921206159,303.31535584732507,27.02860797243377,32.94445573485197,1.8820109009301038,250.444439983136,94321503864.0,751064480.0,,,,6.119278022607614,4.885860648253015,496.87868258,0.04885860648253015
029960,코엔텍,2022,H1,1,1.3030879898444794,1.8145009046059546,,,,,70.54736356875945,,2.5764421090252028,79.87702360709434,0.11424359102807083,0.11424359102807083,29.45263643124055,23.514676005079977,560.4677414592272,80.9620388721152,559.9671569376777,27.065716596257825,38.74859344274744,1.9521506393096386,310.3953905089052,94834036058.0,623324480.0,,,,7.547556747381662,,544.776489864,
029960,코엔텍,2022,Q3,1,2.46837779483515,4.812956901900167,,,,36.83986861509167,50.63184037845294,5.057934202072524,2.2396630093986354,134.6746043011568,0.11084215177371169,0.11084215177371169,49.36815962154706,23.865441386587115,528.0069364661706,80.73276846275267,527.559985075534,26.94345261233292,38.909593365191995,1.929950412403068,331.7920253515843,94206944238.0,623324480.0,,,,5.043661220658382,4.083410308357588,577.2709459079999,0.04083410308357588
029960,코엔텍,2022,ANNUAL,1,7.259836847653027,7.181129263861576,21.852702546579682,33.50912424595495,32.26528122996346,43.844115774497475,58.732986556755485,23.215365707825256,9.446672097017537,453.5783080411513,0.4335596979298008,0.4335596979298008,41.26701344324451,22.128017851169947,531.5466323920282,81.88129289207328,531.0994965930607,28.80438182957067,38.07044538422096,1.843736610044477,339.25374519897304,100771338227.0,623324480.0,,,,23.22437382667125,19.00904159119034,616.878875984,0.1900904159119034
