stock_code,corp_name,year,quarter,label,총자산증가율,유동자산증가율,매출액증가율,순이익증가율,영업이익증가율,매출액순이익률,매출총이익률,자기자본순이익률,매출채권회전율,재고자산회전율,총자본회전율,유형자산회전율,매출원가율,부채비율,유동비율,자기자본비율,당좌비율,비유동자산장기적합률,순운전자본비율,차입금의존도,현금비율,유형자산,무형자산,무형자산상각비,유형자산상각비,감가상각비,총자본영업이익률,총자본순이익률,유보액/납입자본비율,총자본투자효율
029960,코엔텍,2023,Q1,1,5.4300192269435135,0.011297805276585452,,,,47.62976321613346,61.359035740188915,6.815656041418859,2.466852813899599,98.65277195998173,0.10227369399794314,0.10227369399794314,38.64096425981109,39.91532974483217,220.6755695893183,71.47179668044454,220.4768363610366,31.746624987237855,24.324923053544158,1.7487776475462264,68.31794887237504,112574187181.0,431714430.0,,,,5.771540871059582,4.871271828361323,562.4973761,0.048712718283613225
029960,코엔텍,2023,H1,1,1.3799277457727204,-18.803569943330743,,,,,51.47203756977267,,2.554497231439139,142.81550255370183,0.09473756679890218,0.09473756679890218,48.52796243022733,28.33003835474561,400.25949386484376,77.92407863509536,399.9164149577635,34.33519104436017,28.173555661785244,1.8186406826684252,86.94579857139058,122542233048.0,431714430.0,,,,4.361802357420119,,592.873131304,
029960,코엔텍,2023,Q3,1,0.45620707870235994,-24.528864570770008,,,,26.484042140183128,36.6173947109693,2.6637940311531656,2.428388949745258,158.6544592300544,0.08126224831872428,0.08126224831872428,63.3826052890307,23.773461631682117,514.8174351780359,80.79276339347622,514.3430248011031,35.2903177359955,28.386343863305846,1.8353635516021451,167.9479601812992,126280675443.0,431714430.0,,,,2.389404149107482,2.1521528088791193,610.8818743879999,0.021521528088791195
029960,코엔텍,2023,ANNUAL,1,6.82601299786448,-17.005104280381403,-12.762378825922275,-12.220366661647335,-28.888199448703677,44.11652169022317,49.78485079404808,19.23678209558822,8.36612873856175,678.8784541120714,0.35405905006586397,0.35405905006586397,50.21514920595192,23.155967967969136,686.1934030813691,81.1978515129761,685.7001281898187,36.83161227536021,31.122204256931923,1.7259247614916924,242.99859844032872,129647165588.0,431714430.0,,,,15.459970780001006,15.6198537618505,657.354396624,0.156198537618505
