stock_code,corp_name,year,quarter,label,총자산증가율,유동자산증가율,매출액증가율,순이익증가율,영업이익증가율,매출액순이익률,매출총이익률,자기자본순이익률,매출채권회전율,재고자산회전율,총자본회전율,유형자산회전율,매출원가율,부채비율,유동비율,자기자본비율,당좌비율,비유동자산장기적합률,순운전자본비율,차입금의존도,현금비율,유형자산,무형자산,무형자산상각비,유형자산상각비,감가상각비,총자본영업이익률,총자본순이익률,유보액/납입자본비율,총자본투자효율
029960,코엔텍,2025,Q1,1,4.036600244219001,10.118651728902297,,,,38.905404905190785,51.91389969957127,4.067646145058296,2.50459331964042,176.89771348844934,0.08168665807164914,0.08168665807164914,48.08610030042873,127.99178538722427,639.5147822950928,78.1300141235327,639.16261270127,64.94081036651467,34.01730934380935,0.9189525519128251,215.1048418911413,135419364862.0,431714430.0,,,,3.739077725115133,3.178052507629381,659.622842952,0.03178052507629381
029960,코엔텍,2025,H1,1,4.955699071761823,13.392463759237835,,,,28.328488973469724,42.962495496364454,2.7461974620502367,2.574576004523237,132.37887242176154,0.07719955033658354,0.07719955033658354,57.03750450363554,125.57222242678144,846.4106120890032,79.63544649240235,845.7265633001423,82.91685852964345,36.295044759911214,0.7096547704838978,272.8042408932173,134699671010.0,431714430.0,,,,2.7882184679225914,2.1869466104667277,684.1156060693709,0.02186946610466728
029960,코엔텍,2025,Q3,1,5.993324117107017,8.120928887007347,,,,21.587576397123957,31.234709623700248,1.8573194153269645,2.702154176289889,157.0167626365286,0.0691287538018629,0.0691287538018629,68.76529037629975,24.458334011214543,823.4030971467822,80.34817498922115,822.7616058538221,84.94267212336226,34.14063448637603,0.719778596314848,239.86363846070756,141506306471.0,431714430.0,,,,1.6288609089500214,1.4923222539356886,698.9529175675274,0.014923222539356885
029960,코엔텍,2025,ANNUAL,1,,,,,,,,,,,,,,,,,,,,,,,,,,,,,,
