stock_code,corp_name,year,quarter,label,총자산증가율,유동자산증가율,매출액증가율,순이익증가율,영업이익증가율,매출액순이익률,매출총이익률,자기자본순이익률,매출채권회전율,재고자산회전율,총자본회전율,유형자산회전율,매출원가율,부채비율,유동비율,자기자본비율,당좌비율,비유동자산장기적합률,순운전자본비율,차입금의존도,현금비율,유형자산,무형자산,무형자산상각비,유형자산상각비,감가상각비,총자본영업이익률,총자본순이익률,유보액/납입자본비율,총자본투자효율
029960,코엔텍,2020,Q1,1,3.7061259009830296,6.020860686741796,,,,41.89313975338842,56.9988314453178,6.106298698424887,2.2543741454714503,213.48741156017383,0.09508821234770576,0.09508821234770576,43.0011685546822,53.288103579478395,286.6222930495757,65.2366345886398,286.53224476893666,20.901174457218165,39.693808052725316,1.8676747509927423,73.04655084517144,71343334943.0,431714430.0,,,,4.94302827608705,3.983543768782311,431.32659235600005,0.03983543768782311
029960,코엔텍,2020,H1,1,-7.587946572135304,-13.034037226670108,,,,,51.99513859485977,,2.560495488357497,147.8911156265873,0.09544265821288714,0.09544265821288714,48.00486140514023,30.738061760446428,642.3214235633501,76.48881944053271,641.9668265405016,20.936705920593415,47.381339849821494,2.0959312739406997,104.43716450918934,70213070420.0,1722013440.0,,,,3.9686372830965535,,455.355905592,
029960,코엔텍,2020,Q3,1,-6.566803925704259,-18.94955214938403,,,,31.788185772384487,46.13872117196181,3.6769809468765575,2.1014214756149086,174.05740712729076,0.0908491616959915,0.0908491616959915,53.861278828038195,27.322369642793287,708.5233022815067,78.54079395518085,708.1382473374081,23.285160853292634,44.42828861703596,2.0730245887609753,27.06274532829226,80550038349.0,431714430.0,,,,3.374906783949225,2.887930029257575,476.75102005200006,0.02887930029257575
029960,코엔텍,2020,ANNUAL,1,-3.4261532376227555,-15.877781045652645,-0.3997028149257603,5.853271263157803,9.102968623065397,36.057099036808644,51.82283390584801,16.86980725468992,9.421561823078964,794.0516770508239,0.3699898706244629,0.3699898706244629,48.17716609415199,26.45310667894007,631.2737538091984,79.08069847101221,631.0009398640942,0.0,43.715365367071534,2.0056083438937526,31.510740794278018,82408122312.0,431714430.0,,,,16.21206481299883,13.340761407722276,500.444107572,0.13340761407722276
