stock_code,corp_name,year,quarter,label,총자산증가율,유동자산증가율,매출액증가율,순이익증가율,영업이익증가율,매출액순이익률,매출총이익률,자기자본순이익률,매출채권회전율,재고자산회전율,총자본회전율,유형자산회전율,매출원가율,부채비율,유동비율,자기자본비율,당좌비율,비유동자산장기적합률,순운전자본비율,차입금의존도,현금비율,유형자산,무형자산,무형자산상각비,유형자산상각비,감가상각비,총자본영업이익률,총자본순이익률,유보액/납입자본비율,총자본투자효율
029960,코엔텍,2019,Q1,1,4.675869460684709,8.193726201757947,,,,49.41221048230357,56.231135684936596,6.779696308092224,2.0713352499298727,162.4490532797251,0.09172775948013659,0.09172775948013659,43.76886431506341,49.58056591739845,315.4788724222325,66.85360453524565,315.3495417770499,0.0,41.17675601723319,1.8682567449978018,289.33398420682744,75794465297.0,236081850.0,,,,4.671580484741374,4.532471358502625,444.48606234400006,0.04532471358502625
029960,코엔텍,2019,H1,1,-3.2223859424128003,-7.494674195425274,,,,34.11420018396728,47.63971888303627,3.9415847575255567,1.9827146538498226,146.9373219597203,0.0869754637080905,0.0869754637080905,52.36028111696373,32.84307605210366,632.0649920613882,75.27678744865712,631.7136142775385,0.0,46.9306952044367,2.0206033966008916,420.00893197757546,77628463583.0,434054430.0,,,,3.7365613893277616,2.9670983800311803,467.03796918,0.029670983800311804
029960,코엔텍,2019,Q3,1,-0.9650338007261765,-4.057490227650957,,,,36.43623034269091,49.68785490726882,4.053805755402823,2.17087855268516,100.93547478622273,0.0853000278412544,0.0853000278412544,50.31214509273118,30.430849567423817,692.2075325058122,76.6689784906345,691.6866619992037,0.0,48.34174653474656,1.9745468008361349,299.69604296422693,77798600799.0,434054430.0,,,,3.6917183452329057,3.108011462661893,491.21191703599993,0.031080114626618933
029960,코엔텍,2019,ANNUAL,1,0.9602299598288712,3.2215587263665086,-1.557288151615865,-1.4792052086187375,-2.9492127334991842,33.92713079947814,45.81923011734887,15.789319034237218,8.338505425868563,1009.6407071283954,0.35874737404571966,0.35874737404571966,54.18076988265113,29.72615202474894,694.4203107814797,77.08545920711667,694.1961254620336,0.0,51.04503676326847,1.9368931286854045,203.1650150270473,71092690656.0,434054430.0,,,,14.350310378459136,12.171269083218439,506.107002044,0.12171269083218439
