stock_code,corp_name,year,quarter,label,총자산증가율,유동자산증가율,매출액증가율,순이익증가율,영업이익증가율,매출액순이익률,매출총이익률,자기자본순이익률,매출채권회전율,재고자산회전율,총자본회전율,유형자산회전율,매출원가율,부채비율,유동비율,자기자본비율,당좌비율,비유동자산장기적합률,순운전자본비율,차입금의존도,현금비율,유형자산,무형자산,무형자산상각비,유형자산상각비,감가상각비,총자본영업이익률,총자본순이익률,유보액/납입자본비율,총자본투자효율
044060,조광ILI,2023,Q1,1,0.9972370070289964,-3.8835429509125827,,,,10.998598595741726,36.11850708043837,,1.1070721932674314,0.28477840997939696,0.055955301209365385,0.055955301209365385,63.88149291956163,,120.7788460220828,,55.317141862746986,44.52200191613222,3.984220373260804,16.10715911450431,14.395073953648291,28406123875.0,540268303.0,,,,0.029368402806240715,0.6154298973056315,34.81400808321682,0.006154298973056314
044060,조광ILI,2023,H1,1,-4.643110008004751,5.431820728111898,,,,-153.30954785718313,10.525624362038942,,1.2275448921290097,0.4813120086727157,0.07200518540592725,0.07200518540592725,89.47437563796106,,113.86658708526869,,57.21815606543965,25.015802975925926,3.2765549047938456,21.307509015023022,14.438956952017401,30379097902.0,569938862.0,,,,-1.4543452777551107,-11.03908241795535,8.944796379031738,-0.11039082417955351
044060,조광ILI,2023,Q3,1,-2.745992174411847,14.361970445274489,,,,31.33825249742675,29.40856327895035,2.8560533949681886,1.065996641929798,0.35825380414825014,0.06741410630751417,0.06741410630751417,70.59143672104965,135.1888163247174,128.06959348025813,73.97061585316683,68.61856680843749,20.1825637285,6.271750251942228,21.555928930190106,18.656018320903986,31781150470.0,375987103.0,,,,0.08560249503531021,2.1126402853532484,15.344374819653128,0.021126402853532483
044060,조광ILI,2023,ANNUAL,1,-26.037815428093307,17.184747746096303,-3.2964315347216804,126.82108984811605,-190.3382561266283,-115.70677148397095,21.280002260958288,-59.68942536215395,3.911921665832302,1.7301991700908868,0.3454177021111006,0.3454177021111006,78.71999773904172,149.3461499934134,138.327637683206,66.95853894085003,81.94354149553867,13.21164362675,10.682895826785451,28.333756401173243,12.99217841515965,31932016621.0,363394286.0,,,,-2.9497288671210415,-39.967167124687464,-38.844947398254284,-0.39967167124687464
