stock_code,corp_name,year,quarter,label,총자산증가율,유동자산증가율,매출액증가율,순이익증가율,영업이익증가율,매출액순이익률,매출총이익률,자기자본순이익률,매출채권회전율,재고자산회전율,총자본회전율,유형자산회전율,매출원가율,부채비율,유동비율,자기자본비율,당좌비율,비유동자산장기적합률,순운전자본비율,차입금의존도,현금비율,유형자산,무형자산,무형자산상각비,유형자산상각비,감가상각비,총자본영업이익률,총자본순이익률,유보액/납입자본비율,총자본투자효율
044060,조광ILI,2015,Q1,1,,,,,,,,,,,,,,,,,,,,,,,,,,,,,,
044060,조광ILI,2015,H1,1,,,,,,,,,,,,,,,,,,,,,,,,,,,,,,
044060,조광ILI,2015,Q3,1,,,,,,,,,,,,,,,,,,,,,,,,,,,,,,
044060,조광ILI,2015,ANNUAL,1,21.153471277287803,51.98488210052229,17.2192504248152,61.70026286395738,41.70239938747561,24.341079075733244,46.52117679768104,18.069280071469517,2.4607066807456413,2.5203811893829915,0.4795552801728244,0.4795552801728244,53.47882320231895,54.79693061402462,239.23502469710846,64.60076411291581,193.57791792860135,4.733303991598927,31.03090190729945,9.862538142276673,26.28254183167457,26742701501.0,320165075.0,,,,12.916032098178745,11.672892995872129,524.602197619531,0.11672892995872129
