stock_code,corp_name,year,quarter,label,총자산증가율,유동자산증가율,매출액증가율,순이익증가율,영업이익증가율,매출액순이익률,매출총이익률,자기자본순이익률,매출채권회전율,재고자산회전율,총자본회전율,유형자산회전율,매출원가율,부채비율,유동비율,자기자본비율,당좌비율,비유동자산장기적합률,순운전자본비율,차입금의존도,현금비율,유형자산,무형자산,무형자산상각비,유형자산상각비,감가상각비,총자본영업이익률,총자본순이익률,유보액/납입자본비율,총자본투자효율
044060,조광ILI,2025,Q1,1,-2.9712759697486266,-20.28246001162268,,,,-20.819455327075413,20.873334562295693,-3.079115005170924,0.835539058995838,0.5298671282217523,0.09262805800467182,0.09262805800467182,79.12666543770432,159.66656706229836,94.42029257536522,62.630519237619865,53.97338608294508,34.5985084550882,-1.9082029430377696,27.462031763001793,8.562624727074683,26669184567.0,180546760.0,,,,-1.278382513971549,-1.928465715662015,-70.00749038797652,-0.01928465715662015
044060,조광ILI,2025,H1,1,-6.215011689971758,-31.84720729844484,,,,,27.421459961086615,,1.2895318637101687,0.5466675866700209,0.09969498753747684,0.09969498753747684,72.57854003891339,162.3462225480423,79.8019493630283,61.59675194808274,42.81943018308519,40.324512813941126,-7.228882947251004,28.574015537637752,11.99676320554677,26558787977.0,176916760.0,,,,1.2345406904051213,,,
044060,조광ILI,2025,Q3,1,-1.1663809497208264,-35.64603911014614,,,,,23.427035078293972,,1.1219458796916266,0.5607880195418132,0.09081127222912744,0.09081127222912744,76.57296492170603,172.0492004298005,64.68231378077132,58.122908883149385,33.34176827126314,51.638698528941156,-13.973403135363,31.125067328703288,5.726065192362443,26442507856.0,175101760.0,,,,-0.1591842842164562,,,
044060,조광ILI,2025,ANNUAL,1,,,,,,,,,,,,,,,,,,,,,,,,,,,,,,
