stock_code,corp_name,year,quarter,label,총자산증가율,유동자산증가율,매출액증가율,순이익증가율,영업이익증가율,매출액순이익률,매출총이익률,자기자본순이익률,매출채권회전율,재고자산회전율,총자본회전율,유형자산회전율,매출원가율,부채비율,유동비율,자기자본비율,당좌비율,비유동자산장기적합률,순운전자본비율,차입금의존도,현금비율,유형자산,무형자산,무형자산상각비,유형자산상각비,감가상각비,총자본영업이익률,총자본순이익률,유보액/납입자본비율,총자본투자효율
044060,조광ILI,2022,Q1,1,-1.7644716601309058,-22.918413810066678,,,,-37.22486830963989,34.93961205521342,-2.1306167625424175,0.6306402402497384,0.2992795630404288,0.04185091075487312,0.04185091075487312,65.06038794478658,36.762570831266906,94.02009261786633,73.1194210464036,58.9811077120337,573.7303597803913,-1.5526996052989226,15.546797032207566,5.015825373186591,23219813779.0,515948185.0,,,,0.034966081437121724,-1.5578946414886434,375.70258369749564,-0.015578946414886434
044060,조광ILI,2022,H1,1,-3.0707068899282457,-23.634175386077292,,,,-37.18217394440623,42.80067200336749,-3.599111156750255,0.9564342307751118,0.4612210032932926,0.07526910655250295,0.07526910655250295,57.19932799663251,28.600814912625665,114.51373972994445,77.76000491749782,70.90428996386746,,3.106685818973347,15.622785507333562,18.782499698012685,23307165585.0,510373492.0,,,,1.7954365588328869,-2.798669012475212,313.49222141942835,-0.027986690124752116
044060,조광ILI,2022,Q3,1,-3.759370858759968,-26.449603103090453,,,,4.626502159643472,33.11858657688301,,0.832803701356898,0.3508272019620186,0.05550371507450361,0.05550371507450361,66.881413423117,,133.30433415923775,,73.9817123494403,,5.940385845019466,11.692000799672627,17.323671903868878,23463762931.0,504798801.0,,,,-0.0780663386980656,0.2567880576604269,52.654982639903004,0.002567880576604269
044060,조광ILI,2022,ANNUAL,1,-9.696886071599772,-29.368949368689716,-2.357639174574373,-866.7166675100564,-44.72815050072915,-49.30087271585341,35.38847212389492,-16.53607525416566,4.455559936365719,1.5721552926859714,0.26418722952419416,0.26418722952419416,64.61152787610509,26.959736493177317,116.74420818163422,78.76512882127311,64.65626706348002,,3.4902281181723698,15.040628603790566,23.24183912530146,26214329970.0,506914442.0,,,,2.4150166303993985,-13.024660975926247,33.49091593063415,-0.13024660975926247
