stock_code,corp_name,year,quarter,label,총자산증가율,유동자산증가율,매출액증가율,순이익증가율,영업이익증가율,매출액순이익률,매출총이익률,자기자본순이익률,매출채권회전율,재고자산회전율,총자본회전율,유형자산회전율,매출원가율,부채비율,유동비율,자기자본비율,당좌비율,비유동자산장기적합률,순운전자본비율,차입금의존도,현금비율,유형자산,무형자산,무형자산상각비,유형자산상각비,감가상각비,총자본영업이익률,총자본순이익률,유보액/납입자본비율,총자본투자효율
226440,한송네오텍,2019,Q1,1,63.47718053494634,77.04267903912235,,,,8.30747584981478,38.432133998555656,1.3245695903651336,0.5610005121173693,0.24058145082799626,0.07043711450238688,0.07043711450238688,61.56786600144434,126.36231993307192,518.2675310795868,44.176963740947166,412.0869687144512,122.51532474932746,71.00724280826319,3.0675694360882733,235.31436479020584,4661337411.0,79993985.0,,,,0.2039929093637034,0.5851546276592174,492.1336486434891,0.0058515462765921745
226440,한송네오텍,2019,H1,1,61.48149660326185,74.6203180146171,,,,,23.072914653140383,,1.6388756204205979,1.494250399268421,0.22913523703078156,0.22913523703078156,76.92708534685961,122.34224539591023,587.8263961843699,44.97570842731059,508.8961986974077,183.51380348495965,72.90711035537039,5.500645284691381,117.79964799719885,4461532646.0,74146915.0,,,,2.377656177735193,,491.49455968393534,
226440,한송네오텍,2019,Q3,1,55.8262932562009,63.26370543375016,,,,,2.322587696164247,,1.435843862723133,0.6979967074888699,0.08785970146140343,0.08785970146140343,97.67741230383575,108.91443209937412,168.6099170587828,47.86648724796241,144.2552029322458,433.84582655906087,34.63652812237955,5.665974764197525,50.914464233016645,4373917265.0,69457736.0,,,,-2.1719638819739955,,504.3932071375557,
226440,한송네오텍,2019,ANNUAL,1,51.625381865554054,55.79199550795283,-43.86711663462637,-112.56515513003289,-47.96743046876198,1.6287405377475017,21.897603814619796,1.8243836542650747,4.050034537085251,5.453623051931986,0.5565281662024469,0.5565281662024469,78.1023961853802,101.2691060715478,169.0195389521482,49.68472407506578,152.8815874286756,,34.08709868936216,5.787706825356249,44.690351530595855,4825837379.0,64768554.0,,,,2.135058041161509,0.9064399846922043,498.90683275069927,0.009064399846922044
