stock_code,corp_name,year,quarter,label,총자산증가율,유동자산증가율,매출액증가율,순이익증가율,영업이익증가율,매출액순이익률,매출총이익률,자기자본순이익률,매출채권회전율,재고자산회전율,총자본회전율,유형자산회전율,매출원가율,부채비율,유동비율,자기자본비율,당좌비율,비유동자산장기적합률,순운전자본비율,차입금의존도,현금비율,유형자산,무형자산,무형자산상각비,유형자산상각비,감가상각비,총자본영업이익률,총자본순이익률,유보액/납입자본비율,총자본투자효율
226440,한송네오텍,2025,Q1,1,-16.193821154384352,-30.810684930996196,,,,9.981871935075834,25.63451876821669,10.519504002755282,35.03895524043017,0.9173567256463862,0.40996978147544216,0.40996978147544216,74.36548123178332,257.05817688967795,76.91735177667313,38.90169968913968,21.996890029435356,,-13.96807128736644,46.87603092705605,13.110643740643335,8019836940.0,59924708.0,,,,6.054252666448949,4.092265855938888,85.0349350538049,0.04092265855938888
226440,한송네오텍,2025,H1,1,-34.33761195492237,-36.57661536003282,,,,-21.94238500811929,16.402213362524527,-42.665918187005616,53.22214045544267,4.21171684209616,0.6767137054445175,0.6767137054445175,83.59778663747548,287.3374894457139,81.04062105073083,34.802280827644246,60.29791678622972,,-12.277199626741936,40.9493492928655,53.9608943682223,4212669440.0,57042424.0,,,,1.755033849032056,-14.848712665134634,612.0065393264832,-0.14848712665134634
226440,한송네오텍,2025,Q3,1,-42.971638490582,-46.07253595333871,,,,24.564486476483413,49.1775180028001,19.788146364952805,1.7712056620674783,8.062581834162096,0.4024318621192077,0.4024318621192077,50.8224819971999,200.1728009724328,103.19129228235266,49.95683704989056,98.09619112380697,,1.5888681676793373,39.90311160803353,50.743660273082405,4363342866.0,54279439.0,,,,10.465390612494911,9.885532034733314,69.89607615463933,0.09885532034733314
226440,한송네오텍,2025,ANNUAL,1,,,,,,,,,,,,,,,,,,,,,,,,,,,,,,
