stock_code,corp_name,year,quarter,label,총자산증가율,유동자산증가율,매출액증가율,순이익증가율,영업이익증가율,매출액순이익률,매출총이익률,자기자본순이익률,매출채권회전율,재고자산회전율,총자본회전율,유형자산회전율,매출원가율,부채비율,유동비율,자기자본비율,당좌비율,비유동자산장기적합률,순운전자본비율,차입금의존도,현금비율,유형자산,무형자산,무형자산상각비,유형자산상각비,감가상각비,총자본영업이익률,총자본순이익률,유보액/납입자본비율,총자본투자효율
226440,한송네오텍,2018,Q1,1,,,,,,,,,,,,,,,,,,,,,,,,,,,,,,
226440,한송네오텍,2018,H1,1,-6.316033221669576,-6.316033221669576,,,,,,-8.273257377752579,,,,,,15.998928762555774,,86.20769266300312,,,100.0,0.0,,,,,,,-7.230764169572931,-7.132184293432174,1707.277537977528,-0.06933257453815145
226440,한송네오텍,2018,Q3,1,-28.5287266660779,-33.65963959772478,,,,-11.755642985805508,33.54208634367472,-7.122583892003476,0.9417724810603567,2.297019664082674,0.4118935210886586,0.4118935210886586,66.45791365632527,47.09781583551037,336.43801688090696,67.9819747370167,286.68540433935175,34.630424945399945,56.63284353682836,8.21314817769295,82.25005014964833,4137145672.0,52039894.0,,,,9.197165119559761,-4.842073182084624,492.44490289366183,-0.04842073182084624
226440,한송네오텍,2018,ANNUAL,1,-30.25904516424143,-34.73809662273018,-38.13852417859761,-151.28318505708373,-82.04917522349298,-7.276145952174744,19.12543206709826,-16.72931542508817,6.7087719737415625,7.634245050848595,1.503286320963086,1.503286320963086,80.87456793290174,52.94492190376594,254.86062969163547,65.38301419573821,204.90221249464565,32.64875986213486,49.365090025648655,9.350165946482655,52.042180188162014,4445643042.0,69566940.0,,,,6.221660658174554,-10.93813067923522,470.84932028495166,-0.10938130679235221
