stock_code,corp_name,year,quarter,label,총자산증가율,유동자산증가율,매출액증가율,순이익증가율,영업이익증가율,매출액순이익률,매출총이익률,자기자본순이익률,매출채권회전율,재고자산회전율,총자본회전율,유형자산회전율,매출원가율,부채비율,유동비율,자기자본비율,당좌비율,비유동자산장기적합률,순운전자본비율,차입금의존도,현금비율,유형자산,무형자산,무형자산상각비,유형자산상각비,감가상각비,총자본영업이익률,총자본순이익률,유보액/납입자본비율,총자본투자효율
226440,한송네오텍,2020,Q1,1,-1.738760994978841,-1.2862660204361487,,,,,-8.910562804070747,,0.2739946529985157,0.19681976484539412,0.02742877486693239,0.02742877486693239,108.91056280407074,96.43561490946617,173.8596410254257,50.907265490572215,142.39257572858335,,35.62531021799221,6.579671546810509,41.58065112127559,4742008503.0,60139017.0,,,,-2.4983457543761323,,501.55063361957303,
226440,한송네오텍,2020,H1,1,8.841386794812676,9.530207895760991,,,,,30.042526503946394,,1.4729724139039986,0.2811909812801811,0.09508422270869832,0.09508422270869832,69.95747349605361,125.01765663018477,151.73691345730538,44.440956988699526,109.00644112697813,,28.64204431170555,5.940081227139397,62.19957664338994,4660198503.0,75227347.0,,,,1.1767306470879175,,474.18193426099435,
226440,한송네오텍,2020,Q3,1,0.0612067246113204,-0.7763038250165512,,,,,34.141880839903166,,0.4528400305229476,0.0637741517268269,0.040614469987028674,0.040614469987028674,65.85811916009683,67.46181771568548,206.38735939418837,59.7151048305105,101.81330264464353,,42.66890487714498,12.92262405379653,32.529333621585536,4603930382.0,74302223.0,,,,-2.8728434014945443,,530.8205662094749,
226440,한송네오텍,2020,ANNUAL,1,25.44635631319406,-3.67779636737457,-10.112460265388208,-270.6690586908347,-50.7667902589791,-3.092482175501502,21.932386281759815,-1.612804499180133,2.455393309607753,1.5928981562003914,0.39877561312389914,0.39877561312389914,78.06761371824018,30.78138422699413,276.3879758638662,76.46348185643332,192.11130401271163,,40.90468817445994,10.307619885292516,36.34552663833854,4631489103.0,69494997.0,,,,0.8379339459435703,-1.2332064756103411,671.0020114657337,-0.012332064756103411
